observation_id,series_id,geography_id,period_start,period_end,period_type,period_label,value,geographic_method,statistical_status,source_class,badge,source_release_id,source_dataset_id,source_url,published_at,notes
"8aeb7547-5f43-564b-adf8-c32980c7c79d","e472643d-b9bd-5e79-8187-d981b0edadff","ecf8c770-9d71-5fcf-91e7-39713e391479","2019-08-24","2019-08-25","point_in_time","Census night, 24–25 August 2019","47564296","direct","final","official","A","b6f46f24-7101-54b0-9211-0e3dedd2b428","71cd1495-9331-5033-b43c-4e1fcaf919ac","https://www.knbs.or.ke/2019-kenya-population-and-housing-census-results/","2019-11-04","Total enumerated population, 2019 Kenya Population and Housing Census."
"668331b8-d165-53f4-88c3-7c89dbd4c048","eafe9fbd-6f1e-514c-aaba-21218277f92d","9dc9005d-2ad9-57f1-9927-c951df4e5cfb","2019-08-24","2019-08-25","point_in_time","Census night, 24–25 August 2019","2162202","direct","final","official","A","b6f46f24-7101-54b0-9211-0e3dedd2b428","71cd1495-9331-5033-b43c-4e1fcaf919ac","https://www.knbs.or.ke/2019-kenya-population-and-housing-census-results/","2019-11-04","Nakuru County, 2019 Kenya Population and Housing Census."
"77abe630-d02f-526f-a734-0f748d1987a4","d6f989c0-0518-572b-819c-9dab1cd26d8b","ecf8c770-9d71-5fcf-91e7-39713e391479","2026-06-01","2026-06-30","month","June 2026","6.4","direct","final","official","A","334867f8-a38f-5f0a-b8fb-5d04ff3743cf","8a8144c3-6ad7-52b4-a6ec-e4a8bc85d42d","https://www.knbs.or.ke/reports/consumer-price-indices-and-inflation-rates-june-2026/","2026-06-30","Year-on-year headline inflation."
"c0314590-cef0-5003-a8f4-897f6d71fa16","d6f989c0-0518-572b-819c-9dab1cd26d8b","ecf8c770-9d71-5fcf-91e7-39713e391479","2026-07-01","2026-07-31","month","July 2026","6.5","direct","final","official","A","abd6d685-b5fe-5773-a7a5-f63d8b393613","8a8144c3-6ad7-52b4-a6ec-e4a8bc85d42d","https://www.knbs.or.ke/reports/consumer-price-indices-and-inflation-rates-july-2026/","2026-07-31","Year-on-year headline inflation. CPI index rose from 154.91 (June) to 155.20 (July)."
"969fe878-8ada-54c4-93ef-d1e57ea7d2c8","a01f5087-0925-5d95-a3f3-4f9362bb107c","ecf8c770-9d71-5fcf-91e7-39713e391479","2026-08-26","2026-08-26","day","26 August 2026","129.4","direct","estimated","external","E","0f604a01-e56d-5d75-9f21-26c2d3c5b796","71d05116-970d-5630-8008-49c59eb71ba0","https://www.xe.com/en-us/currencyconverter/convert/?Amount=1&From=USD&To=KES","2026-08-26","Market mid-rate, corroborated across Investing.com, Xe and Wise on the same date. Not CBK's own indicative rate; see dataset known_limitations."
"8682ee3a-f7c0-576a-a516-bfb6e3556144","4abdbc1b-b21c-5524-9657-45a321a2412e","ecf8c770-9d71-5fcf-91e7-39713e391479","2026-08-11","2026-08-11","point_in_time","MPC decision, 11 August 2026","8.75","direct","final","official","A","ba6c04bf-50a8-5a77-abca-14b0eac31492","71d05116-970d-5630-8008-49c59eb71ba0","https://www.centralbank.go.ke/rates/central-bank-rate/","2026-08-11","Central Bank Rate retained at 8.75% by the Monetary Policy Committee."
"e5b23466-997d-5fc2-8171-abb5e664fb81","bec32926-2542-5470-83ae-854df93092b8","ecf8c770-9d71-5fcf-91e7-39713e391479","2026-08-10","2026-08-10","point_in_time","Auction, 10 August 2026","8.782","direct","final","official","A","90dc737f-edb7-5ed7-b0a7-6943abd74b1b","71d05116-970d-5630-8008-49c59eb71ba0","https://www.centralbank.go.ke/uploads/91_day_historical_treasury_bill_results/","2026-08-10","91-day Treasury bill weighted average yield."
"a7cbf17b-c9b7-55c0-b08d-0475c5e03c0c","de1ff275-053c-5aac-afb8-5f23c4059a29","ecf8c770-9d71-5fcf-91e7-39713e391479","2022-06-20","2022-06-20","point_in_time","Certified register, 20 June 2022","22120458","direct","final","official","A","cf4cde1b-235a-57f1-95c8-f3107181bf7f","7eadcd85-0c68-5221-8644-a22a7ec397ba","https://www.iebc.or.ke/uploads/resources/pabjKTV6Xa.pdf","2022-08-09","Certified, KPMG-audited national register total as of the 2022 General Election. 46,232 polling stations."
"a00226dc-34ba-5922-8647-635572685a18","e3843f90-1ec3-5096-9862-1dd15fbd4404","ecf8c770-9d71-5fcf-91e7-39713e391479","2026-08-26","2026-08-26","point_in_time","Computed 2026-08-26","583965.7","aggregated","estimated","official","B","40202350-a52d-505b-8c87-82f2cb84e245","05b4bda9-0468-56bf-a98f-14a6ed74989b","https://github.com/dansamuka/kenya-data-atlas/blob/main/docs/methodology/indicators.md","2026-08-26","equirectangular planar projection, mean-latitude reference per feature, shoelace formula. Estimated error band +/-2%. Approximate. Not a surveyed or IEBC-issued figure. See data/catalogue/seed/datasets.json DS-KDA-DERIVED-AREA and docs/methodology/indicators.md."
"b2e22fa8-4901-59c5-b339-99a1ba11da36","7c494125-4746-5112-bbaf-52b29daabfdb","d4d620d7-8602-55a8-8c78-774bc9148a70","2026-08-26","2026-08-26","point_in_time","Computed 2026-08-26","220","aggregated","estimated","official","B","40202350-a52d-505b-8c87-82f2cb84e245","05b4bda9-0468-56bf-a98f-14a6ed74989b","https://github.com/dansamuka/kenya-data-atlas/blob/main/docs/methodology/indicators.md","2026-08-26","equirectangular planar projection, mean-latitude reference per feature, shoelace formula. Estimated error band +/-2%. Approximate. Not a surveyed or IEBC-issued figure. See data/catalogue/seed/datasets.json DS-KDA-DERIVED-AREA and docs/methodology/indicators.md."
"a311e14e-6e17-5914-8925-9309c31cd041","6cd722fd-022f-50d3-9ba1-478f390e186e","66a1bc3d-acfb-5bf1-82a7-14c3e4158e2a","2026-08-26","2026-08-26","point_in_time","Computed 2026-08-26","8311.1","aggregated","estimated","official","B","40202350-a52d-505b-8c87-82f2cb84e245","05b4bda9-0468-56bf-a98f-14a6ed74989b","https://github.com/dansamuka/kenya-data-atlas/blob/main/docs/methodology/indicators.md","2026-08-26","equirectangular planar projection, mean-latitude reference per feature, shoelace formula. Estimated error band +/-2%. Approximate. Not a surveyed or IEBC-issued figure. See data/catalogue/seed/datasets.json DS-KDA-DERIVED-AREA and docs/methodology/indicators.md."
"687051a4-d453-530b-b4b9-624d21525950","937a7b38-616a-596d-9142-bc7b462fd246","6303f3f4-e271-5f8a-a153-730ee1bee865","2026-08-26","2026-08-26","point_in_time","Computed 2026-08-26","12672.3","aggregated","estimated","official","B","40202350-a52d-505b-8c87-82f2cb84e245","05b4bda9-0468-56bf-a98f-14a6ed74989b","https://github.com/dansamuka/kenya-data-atlas/blob/main/docs/methodology/indicators.md","2026-08-26","equirectangular planar projection, mean-latitude reference per feature, shoelace formula. Estimated error band +/-2%. Approximate. Not a surveyed or IEBC-issued figure. See data/catalogue/seed/datasets.json DS-KDA-DERIVED-AREA and docs/methodology/indicators.md."
"9ee32b0e-8802-5159-afff-284fd27562b4","995a86ea-6ca8-5c10-b244-8ba789fffb81","5359be9e-cb0b-59d6-9561-e48914468109","2026-08-26","2026-08-26","point_in_time","Computed 2026-08-26","38648.5","aggregated","estimated","official","B","40202350-a52d-505b-8c87-82f2cb84e245","05b4bda9-0468-56bf-a98f-14a6ed74989b","https://github.com/dansamuka/kenya-data-atlas/blob/main/docs/methodology/indicators.md","2026-08-26","equirectangular planar projection, mean-latitude reference per feature, shoelace formula. Estimated error band +/-2%. Approximate. Not a surveyed or IEBC-issued figure. See data/catalogue/seed/datasets.json DS-KDA-DERIVED-AREA and docs/methodology/indicators.md."
"7b697b66-598e-5329-8418-c9c1803597e9","91c00cb3-0cc4-560d-9deb-3ab2cf326e05","0f1ecb4e-f7cf-5a6e-8774-13a1e5350904","2026-08-26","2026-08-26","point_in_time","Computed 2026-08-26","6299.7","aggregated","estimated","official","B","40202350-a52d-505b-8c87-82f2cb84e245","05b4bda9-0468-56bf-a98f-14a6ed74989b","https://github.com/dansamuka/kenya-data-atlas/blob/main/docs/methodology/indicators.md","2026-08-26","equirectangular planar projection, mean-latitude reference per feature, shoelace formula. Estimated error band +/-2%. Approximate. Not a surveyed or IEBC-issued figure. See data/catalogue/seed/datasets.json DS-KDA-DERIVED-AREA and docs/methodology/indicators.md."
"983fa592-9ad2-51db-96ac-11839804e1af","99e35034-7d6c-5822-b959-3fe64fee3e48","4457e0ad-60f9-5d86-abda-241b77ba3f8b","2026-08-26","2026-08-26","point_in_time","Computed 2026-08-26","17176.8","aggregated","estimated","official","B","40202350-a52d-505b-8c87-82f2cb84e245","05b4bda9-0468-56bf-a98f-14a6ed74989b","https://github.com/dansamuka/kenya-data-atlas/blob/main/docs/methodology/indicators.md","2026-08-26","equirectangular planar projection, mean-latitude reference per feature, shoelace formula. Estimated error band +/-2%. Approximate. Not a surveyed or IEBC-issued figure. See data/catalogue/seed/datasets.json DS-KDA-DERIVED-AREA and docs/methodology/indicators.md."
"e23b0b75-e063-5cf5-902d-66c7941c94c1","82309edf-7645-5faa-ba22-34dd2ac721c5","a7ea7bb6-5575-57dc-947e-650b9091b279","2026-08-26","2026-08-26","point_in_time","Computed 2026-08-26","44388.9","aggregated","estimated","official","B","40202350-a52d-505b-8c87-82f2cb84e245","05b4bda9-0468-56bf-a98f-14a6ed74989b","https://github.com/dansamuka/kenya-data-atlas/blob/main/docs/methodology/indicators.md","2026-08-26","equirectangular planar projection, mean-latitude reference per feature, shoelace formula. Estimated error band +/-2%. Approximate. Not a surveyed or IEBC-issued figure. See data/catalogue/seed/datasets.json DS-KDA-DERIVED-AREA and docs/methodology/indicators.md."
"a154d488-1aba-5b33-9124-18b1e4fa3bde","c4f2bc3a-8008-58e9-b442-605268f77dbd","48bb9364-5557-534e-9ceb-246529626b0f","2026-08-26","2026-08-26","point_in_time","Computed 2026-08-26","56975.1","aggregated","estimated","official","B","40202350-a52d-505b-8c87-82f2cb84e245","05b4bda9-0468-56bf-a98f-14a6ed74989b","https://github.com/dansamuka/kenya-data-atlas/blob/main/docs/methodology/indicators.md","2026-08-26","equirectangular planar projection, mean-latitude reference per feature, shoelace formula. Estimated error band +/-2%. Approximate. Not a surveyed or IEBC-issued figure. See data/catalogue/seed/datasets.json DS-KDA-DERIVED-AREA and docs/methodology/indicators.md."
"371cdf71-422f-598c-8295-504f4ca4a63e","c7feb817-e8aa-5cea-b87f-33bc9605b857","14ae35bd-4cdf-553f-ad03-439c502a49e6","2026-08-26","2026-08-26","point_in_time","Computed 2026-08-26","26091.6","aggregated","estimated","official","B","40202350-a52d-505b-8c87-82f2cb84e245","05b4bda9-0468-56bf-a98f-14a6ed74989b","https://github.com/dansamuka/kenya-data-atlas/blob/main/docs/methodology/indicators.md","2026-08-26","equirectangular planar projection, mean-latitude reference per feature, shoelace formula. Estimated error band +/-2%. Approximate. Not a surveyed or IEBC-issued figure. See data/catalogue/seed/datasets.json DS-KDA-DERIVED-AREA and docs/methodology/indicators.md."
"0b49a31a-d7be-50c9-89fc-5fd8c54b94ce","b0127369-4d51-534b-a51d-beb6621aaa15","758ead44-179a-5d2e-8612-a3aea3ec83b4","2026-08-26","2026-08-26","point_in_time","Computed 2026-08-26","71284.1","aggregated","estimated","official","B","40202350-a52d-505b-8c87-82f2cb84e245","05b4bda9-0468-56bf-a98f-14a6ed74989b","https://github.com/dansamuka/kenya-data-atlas/blob/main/docs/methodology/indicators.md","2026-08-26","equirectangular planar projection, mean-latitude reference per feature, shoelace formula. Estimated error band +/-2%. Approximate. Not a surveyed or IEBC-issued figure. See data/catalogue/seed/datasets.json DS-KDA-DERIVED-AREA and docs/methodology/indicators.md."
"18de9c91-b720-5a10-84c6-93bb81d1982e","46200c63-45fa-5638-b5ff-85027ef5d836","31c6c13b-4440-5fd6-b5d1-2cbac05963be","2026-08-26","2026-08-26","point_in_time","Computed 2026-08-26","25470.8","aggregated","estimated","official","B","40202350-a52d-505b-8c87-82f2cb84e245","05b4bda9-0468-56bf-a98f-14a6ed74989b","https://github.com/dansamuka/kenya-data-atlas/blob/main/docs/methodology/indicators.md","2026-08-26","equirectangular planar projection, mean-latitude reference per feature, shoelace formula. Estimated error band +/-2%. Approximate. Not a surveyed or IEBC-issued figure. See data/catalogue/seed/datasets.json DS-KDA-DERIVED-AREA and docs/methodology/indicators.md."
"ab267c78-07b1-5f79-b00d-ca7983142f37","187a2f09-8b3a-51fe-98d8-372ed900df4f","6c320716-08cb-5cfb-b4d1-16ce0a1aed8b","2026-08-26","2026-08-26","point_in_time","Computed 2026-08-26","6966.4","aggregated","estimated","official","B","40202350-a52d-505b-8c87-82f2cb84e245","05b4bda9-0468-56bf-a98f-14a6ed74989b","https://github.com/dansamuka/kenya-data-atlas/blob/main/docs/methodology/indicators.md","2026-08-26","equirectangular planar projection, mean-latitude reference per feature, shoelace formula. Estimated error band +/-2%. Approximate. Not a surveyed or IEBC-issued figure. See data/catalogue/seed/datasets.json DS-KDA-DERIVED-AREA and docs/methodology/indicators.md."
"938581c8-dab3-516a-a008-f098e8c5cf87","d8a3a12b-9b30-5d6b-a852-ac0524d62e6a","46d871ad-38a9-5f7f-8caf-fa62cf5efbbe","2026-08-26","2026-08-26","point_in_time","Computed 2026-08-26","2651.8","aggregated","estimated","official","B","40202350-a52d-505b-8c87-82f2cb84e245","05b4bda9-0468-56bf-a98f-14a6ed74989b","https://github.com/dansamuka/kenya-data-atlas/blob/main/docs/methodology/indicators.md","2026-08-26","equirectangular planar projection, mean-latitude reference per feature, shoelace formula. Estimated error band +/-2%. Approximate. Not a surveyed or IEBC-issued figure. See data/catalogue/seed/datasets.json DS-KDA-DERIVED-AREA and docs/methodology/indicators.md."
"82609729-ac63-5278-b2c2-8c0efad1e59c","2a504409-4919-5c2f-a4e7-f7c6d9dce4ae","73c49e9b-999b-5afe-b5e0-c5df4a48efed","2026-08-26","2026-08-26","point_in_time","Computed 2026-08-26","2831.3","aggregated","estimated","official","B","40202350-a52d-505b-8c87-82f2cb84e245","05b4bda9-0468-56bf-a98f-14a6ed74989b","https://github.com/dansamuka/kenya-data-atlas/blob/main/docs/methodology/indicators.md","2026-08-26","equirectangular planar projection, mean-latitude reference per feature, shoelace formula. Estimated error band +/-2%. Approximate. Not a surveyed or IEBC-issued figure. See data/catalogue/seed/datasets.json DS-KDA-DERIVED-AREA and docs/methodology/indicators.md."
"bb253956-9259-537e-aa22-1145e4eb1d12","d4b63d0b-1f8b-57ee-a247-59e5c5728c60","efcf0d37-384c-58d0-ba43-bf8937e062a8","2026-08-26","2026-08-26","point_in_time","Computed 2026-08-26","30662.3","aggregated","estimated","official","B","40202350-a52d-505b-8c87-82f2cb84e245","05b4bda9-0468-56bf-a98f-14a6ed74989b","https://github.com/dansamuka/kenya-data-atlas/blob/main/docs/methodology/indicators.md","2026-08-26","equirectangular planar projection, mean-latitude reference per feature, shoelace formula. Estimated error band +/-2%. Approximate. Not a surveyed or IEBC-issued figure. See data/catalogue/seed/datasets.json DS-KDA-DERIVED-AREA and docs/methodology/indicators.md."
"8415facc-11cb-564d-9671-db1812cc758c","e24d27f3-b922-5dd2-bcfa-ee9ede14e5e9","110b5a9b-accf-53d3-b558-8d1cc1476690","2026-08-26","2026-08-26","point_in_time","Computed 2026-08-26","6236.2","aggregated","estimated","official","B","40202350-a52d-505b-8c87-82f2cb84e245","05b4bda9-0468-56bf-a98f-14a6ed74989b","https://github.com/dansamuka/kenya-data-atlas/blob/main/docs/methodology/indicators.md","2026-08-26","equirectangular planar projection, mean-latitude reference per feature, shoelace formula. Estimated error band +/-2%. Approximate. Not a surveyed or IEBC-issued figure. See data/catalogue/seed/datasets.json DS-KDA-DERIVED-AREA and docs/methodology/indicators.md."
"a5cd39ee-5f3b-5d56-8115-b53341968467","3659c290-1a0c-587c-a72e-1b10b690727a","418212dc-0a47-510e-83c3-c30fd9deb53e","2026-08-26","2026-08-26","point_in_time","Computed 2026-08-26","8048.5","aggregated","estimated","official","B","40202350-a52d-505b-8c87-82f2cb84e245","05b4bda9-0468-56bf-a98f-14a6ed74989b","https://github.com/dansamuka/kenya-data-atlas/blob/main/docs/methodology/indicators.md","2026-08-26","equirectangular planar projection, mean-latitude reference per feature, shoelace formula. Estimated error band +/-2%. Approximate. Not a surveyed or IEBC-issued figure. See data/catalogue/seed/datasets.json DS-KDA-DERIVED-AREA and docs/methodology/indicators.md."
"679c1281-5998-5061-8462-761a610cf29d","f76181fb-73cb-5dcf-bc37-0f265e6b6cb5","f1432c15-8450-5e4b-a668-5151dd0e008d","2026-08-26","2026-08-26","point_in_time","Computed 2026-08-26","3256.1","aggregated","estimated","official","B","40202350-a52d-505b-8c87-82f2cb84e245","05b4bda9-0468-56bf-a98f-14a6ed74989b","https://github.com/dansamuka/kenya-data-atlas/blob/main/docs/methodology/indicators.md","2026-08-26","equirectangular planar projection, mean-latitude reference per feature, shoelace formula. Estimated error band +/-2%. Approximate. Not a surveyed or IEBC-issued figure. See data/catalogue/seed/datasets.json DS-KDA-DERIVED-AREA and docs/methodology/indicators.md."
"8816b48b-1207-5661-ad4e-e8d751053899","a5b123df-ec5e-53c6-9a9f-f8cc499dab49","16808e44-6168-57a9-81fd-29dbe2682acb","2026-08-26","2026-08-26","point_in_time","Computed 2026-08-26","3350.4","aggregated","estimated","official","B","40202350-a52d-505b-8c87-82f2cb84e245","05b4bda9-0468-56bf-a98f-14a6ed74989b","https://github.com/dansamuka/kenya-data-atlas/blob/main/docs/methodology/indicators.md","2026-08-26","equirectangular planar projection, mean-latitude reference per feature, shoelace formula. Estimated error band +/-2%. Approximate. Not a surveyed or IEBC-issued figure. See data/catalogue/seed/datasets.json DS-KDA-DERIVED-AREA and docs/methodology/indicators.md."
"af36800a-0087-5931-bfdc-b97823086178","a563d355-33f7-5bdd-b254-339656688d80","b183f606-6fbd-55ba-b94c-f4819df0a852","2026-08-26","2026-08-26","point_in_time","Computed 2026-08-26","1485.6","aggregated","estimated","official","B","40202350-a52d-505b-8c87-82f2cb84e245","05b4bda9-0468-56bf-a98f-14a6ed74989b","https://github.com/dansamuka/kenya-data-atlas/blob/main/docs/methodology/indicators.md","2026-08-26","equirectangular planar projection, mean-latitude reference per feature, shoelace formula. Estimated error band +/-2%. Approximate. Not a surveyed or IEBC-issued figure. See data/catalogue/seed/datasets.json DS-KDA-DERIVED-AREA and docs/methodology/indicators.md."
"fc16e7c9-df57-5026-94e2-21759d8d820c","6163f0ab-1d33-5e52-941a-77ed1e4390a2","63e6158b-4293-559b-a0b8-cb068735d4a8","2026-08-26","2026-08-26","point_in_time","Computed 2026-08-26","2569.3","aggregated","estimated","official","B","40202350-a52d-505b-8c87-82f2cb84e245","05b4bda9-0468-56bf-a98f-14a6ed74989b","https://github.com/dansamuka/kenya-data-atlas/blob/main/docs/methodology/indicators.md","2026-08-26","equirectangular planar projection, mean-latitude reference per feature, shoelace formula. Estimated error band +/-2%. Approximate. Not a surveyed or IEBC-issued figure. See data/catalogue/seed/datasets.json DS-KDA-DERIVED-AREA and docs/methodology/indicators.md."
"9ad8cb0e-ab4b-554e-a186-c65ee0da9534","67448f69-419e-5689-b1f5-5a83698e5d93","b4bc133a-fe17-5ab9-8824-af7895fdd276","2026-08-26","2026-08-26","point_in_time","Computed 2026-08-26","2553.1","aggregated","estimated","official","B","40202350-a52d-505b-8c87-82f2cb84e245","05b4bda9-0468-56bf-a98f-14a6ed74989b","https://github.com/dansamuka/kenya-data-atlas/blob/main/docs/methodology/indicators.md","2026-08-26","equirectangular planar projection, mean-latitude reference per feature, shoelace formula. Estimated error band +/-2%. Approximate. Not a surveyed or IEBC-issued figure. See data/catalogue/seed/datasets.json DS-KDA-DERIVED-AREA and docs/methodology/indicators.md."
"acd9a39e-7969-55e7-8606-0f1c9a8dbbfd","b5d6bc37-13af-5560-a65d-cb2dfcace8bd","79e6e98b-2569-5520-b4c1-7faa24557250","2026-08-26","2026-08-26","point_in_time","Computed 2026-08-26","68849.2","aggregated","estimated","official","B","40202350-a52d-505b-8c87-82f2cb84e245","05b4bda9-0468-56bf-a98f-14a6ed74989b","https://github.com/dansamuka/kenya-data-atlas/blob/main/docs/methodology/indicators.md","2026-08-26","equirectangular planar projection, mean-latitude reference per feature, shoelace formula. Estimated error band +/-2%. Approximate. Not a surveyed or IEBC-issued figure. See data/catalogue/seed/datasets.json DS-KDA-DERIVED-AREA and docs/methodology/indicators.md."
"5d2a1833-abab-58b0-9444-b9f47f220366","391cb2a4-0737-5b1f-884e-f578ab73c7c0","321c4e21-8c5a-5baf-ba86-a539c99a5e9b","2026-08-26","2026-08-26","point_in_time","Computed 2026-08-26","9178.9","aggregated","estimated","official","B","40202350-a52d-505b-8c87-82f2cb84e245","05b4bda9-0468-56bf-a98f-14a6ed74989b","https://github.com/dansamuka/kenya-data-atlas/blob/main/docs/methodology/indicators.md","2026-08-26","equirectangular planar projection, mean-latitude reference per feature, shoelace formula. Estimated error band +/-2%. Approximate. Not a surveyed or IEBC-issued figure. See data/catalogue/seed/datasets.json DS-KDA-DERIVED-AREA and docs/methodology/indicators.md."
"e6afc64b-0666-59c3-b4ed-49352aeff5da","0d27eb6e-b385-5dec-b640-1644a97d5b4d","2e88f596-ae2e-5298-a295-8078bb369a9d","2026-08-26","2026-08-26","point_in_time","Computed 2026-08-26","21111.2","aggregated","estimated","official","B","40202350-a52d-505b-8c87-82f2cb84e245","05b4bda9-0468-56bf-a98f-14a6ed74989b","https://github.com/dansamuka/kenya-data-atlas/blob/main/docs/methodology/indicators.md","2026-08-26","equirectangular planar projection, mean-latitude reference per feature, shoelace formula. Estimated error band +/-2%. Approximate. Not a surveyed or IEBC-issued figure. See data/catalogue/seed/datasets.json DS-KDA-DERIVED-AREA and docs/methodology/indicators.md."
"ac2adbdc-e57b-5275-827d-71896d8874c9","d77e9455-03cd-5e56-ab6e-260fa783dafd","1435e02a-7508-5914-9d5c-399adc0ff5f5","2026-08-26","2026-08-26","point_in_time","Computed 2026-08-26","2496.3","aggregated","estimated","official","B","40202350-a52d-505b-8c87-82f2cb84e245","05b4bda9-0468-56bf-a98f-14a6ed74989b","https://github.com/dansamuka/kenya-data-atlas/blob/main/docs/methodology/indicators.md","2026-08-26","equirectangular planar projection, mean-latitude reference per feature, shoelace formula. Estimated error band +/-2%. Approximate. Not a surveyed or IEBC-issued figure. See data/catalogue/seed/datasets.json DS-KDA-DERIVED-AREA and docs/methodology/indicators.md."
"38961e7e-ed98-5ebc-96da-dedc63c9e9af","1d8ddaad-c95f-5b5e-9a82-4d4f59f66faa","550f28f3-a8f8-566e-a458-137789e3f89d","2026-08-26","2026-08-26","point_in_time","Computed 2026-08-26","3348.9","aggregated","estimated","official","B","40202350-a52d-505b-8c87-82f2cb84e245","05b4bda9-0468-56bf-a98f-14a6ed74989b","https://github.com/dansamuka/kenya-data-atlas/blob/main/docs/methodology/indicators.md","2026-08-26","equirectangular planar projection, mean-latitude reference per feature, shoelace formula. Estimated error band +/-2%. Approximate. Not a surveyed or IEBC-issued figure. See data/catalogue/seed/datasets.json DS-KDA-DERIVED-AREA and docs/methodology/indicators.md."
"5fbee95a-3b34-5b0d-864f-770dc6cd3b4a","3b8e3520-d0f6-570b-a749-cb2e68fb783d","f4d743d7-f527-5691-818d-83ca7ae22c14","2026-08-26","2026-08-26","point_in_time","Computed 2026-08-26","3034.7","aggregated","estimated","official","B","40202350-a52d-505b-8c87-82f2cb84e245","05b4bda9-0468-56bf-a98f-14a6ed74989b","https://github.com/dansamuka/kenya-data-atlas/blob/main/docs/methodology/indicators.md","2026-08-26","equirectangular planar projection, mean-latitude reference per feature, shoelace formula. Estimated error band +/-2%. Approximate. Not a surveyed or IEBC-issued figure. See data/catalogue/seed/datasets.json DS-KDA-DERIVED-AREA and docs/methodology/indicators.md."
"dba1576a-2ef3-53cd-a1eb-f1bb6fb88d89","8d04ff96-21fb-5d7c-9f0a-5c01ee9f5745","bd1f873f-6065-5372-96a9-0849be7e402f","2026-08-26","2026-08-26","point_in_time","Computed 2026-08-26","2886.1","aggregated","estimated","official","B","40202350-a52d-505b-8c87-82f2cb84e245","05b4bda9-0468-56bf-a98f-14a6ed74989b","https://github.com/dansamuka/kenya-data-atlas/blob/main/docs/methodology/indicators.md","2026-08-26","equirectangular planar projection, mean-latitude reference per feature, shoelace formula. Estimated error band +/-2%. Approximate. Not a surveyed or IEBC-issued figure. See data/catalogue/seed/datasets.json DS-KDA-DERIVED-AREA and docs/methodology/indicators.md."
"4385f037-4469-56ba-b9e9-404c13db3607","801ae5b0-b9ba-59be-8ede-70132ffc5a47","c10e40a8-4a0f-5ac9-9a9c-9538938f81fd","2026-08-26","2026-08-26","point_in_time","Computed 2026-08-26","11042.1","aggregated","estimated","official","B","40202350-a52d-505b-8c87-82f2cb84e245","05b4bda9-0468-56bf-a98f-14a6ed74989b","https://github.com/dansamuka/kenya-data-atlas/blob/main/docs/methodology/indicators.md","2026-08-26","equirectangular planar projection, mean-latitude reference per feature, shoelace formula. Estimated error band +/-2%. Approximate. Not a surveyed or IEBC-issued figure. See data/catalogue/seed/datasets.json DS-KDA-DERIVED-AREA and docs/methodology/indicators.md."
"a819f186-0bd0-53a8-8490-601c284ef269","af504888-0eef-503d-a20b-0f3bb89d6c84","2929fd5b-add6-5a6b-918b-661d37c1e21a","2026-08-26","2026-08-26","point_in_time","Computed 2026-08-26","9497.6","aggregated","estimated","official","B","40202350-a52d-505b-8c87-82f2cb84e245","05b4bda9-0468-56bf-a98f-14a6ed74989b","https://github.com/dansamuka/kenya-data-atlas/blob/main/docs/methodology/indicators.md","2026-08-26","equirectangular planar projection, mean-latitude reference per feature, shoelace formula. Estimated error band +/-2%. Approximate. Not a surveyed or IEBC-issued figure. See data/catalogue/seed/datasets.json DS-KDA-DERIVED-AREA and docs/methodology/indicators.md."
"4974af34-ec92-52a8-8d8e-bf0749b8cf9b","ade509b7-559b-5b9d-acd0-4e10d31197bc","9dc9005d-2ad9-57f1-9927-c951df4e5cfb","2026-08-26","2026-08-26","point_in_time","Computed 2026-08-26","7515","aggregated","estimated","official","B","40202350-a52d-505b-8c87-82f2cb84e245","05b4bda9-0468-56bf-a98f-14a6ed74989b","https://github.com/dansamuka/kenya-data-atlas/blob/main/docs/methodology/indicators.md","2026-08-26","equirectangular planar projection, mean-latitude reference per feature, shoelace formula. Estimated error band +/-2%. Approximate. Not a surveyed or IEBC-issued figure. See data/catalogue/seed/datasets.json DS-KDA-DERIVED-AREA and docs/methodology/indicators.md."
"5bbbc66f-d54b-5b6e-a5bc-44d74b23a9f5","c71cc3a2-4d9f-5176-9f24-0dacd432ae51","84932ef0-f570-5d9b-892c-3c561b214be9","2026-08-26","2026-08-26","point_in_time","Computed 2026-08-26","17964.4","aggregated","estimated","official","B","40202350-a52d-505b-8c87-82f2cb84e245","05b4bda9-0468-56bf-a98f-14a6ed74989b","https://github.com/dansamuka/kenya-data-atlas/blob/main/docs/methodology/indicators.md","2026-08-26","equirectangular planar projection, mean-latitude reference per feature, shoelace formula. Estimated error band +/-2%. Approximate. Not a surveyed or IEBC-issued figure. See data/catalogue/seed/datasets.json DS-KDA-DERIVED-AREA and docs/methodology/indicators.md."
"7470467e-dcfd-5299-93d9-3721d249308e","df33b7c6-fc41-5987-b2f1-827de22574b6","a91c60cb-b2b4-5cdf-a1fc-fbe89f9f0665","2026-08-26","2026-08-26","point_in_time","Computed 2026-08-26","21989.7","aggregated","estimated","official","B","40202350-a52d-505b-8c87-82f2cb84e245","05b4bda9-0468-56bf-a98f-14a6ed74989b","https://github.com/dansamuka/kenya-data-atlas/blob/main/docs/methodology/indicators.md","2026-08-26","equirectangular planar projection, mean-latitude reference per feature, shoelace formula. Estimated error band +/-2%. Approximate. Not a surveyed or IEBC-issued figure. See data/catalogue/seed/datasets.json DS-KDA-DERIVED-AREA and docs/methodology/indicators.md."
"1fb7a634-a710-53f0-b238-487ca3529f5a","53d36762-e346-5651-97cd-7d7087a20c8f","f377dad1-a4e8-5681-af41-07de7a5e66bc","2026-08-26","2026-08-26","point_in_time","Computed 2026-08-26","2443.2","aggregated","estimated","official","B","40202350-a52d-505b-8c87-82f2cb84e245","05b4bda9-0468-56bf-a98f-14a6ed74989b","https://github.com/dansamuka/kenya-data-atlas/blob/main/docs/methodology/indicators.md","2026-08-26","equirectangular planar projection, mean-latitude reference per feature, shoelace formula. Estimated error band +/-2%. Approximate. Not a surveyed or IEBC-issued figure. See data/catalogue/seed/datasets.json DS-KDA-DERIVED-AREA and docs/methodology/indicators.md."
"b1f6a09c-a697-526b-8145-00d0947a3251","763ebd66-f772-5f37-81ca-74c3e22c70fc","0b3dac6f-b81a-5ac8-bd57-34f3507c8c14","2026-08-26","2026-08-26","point_in_time","Computed 2026-08-26","2512.5","aggregated","estimated","official","B","40202350-a52d-505b-8c87-82f2cb84e245","05b4bda9-0468-56bf-a98f-14a6ed74989b","https://github.com/dansamuka/kenya-data-atlas/blob/main/docs/methodology/indicators.md","2026-08-26","equirectangular planar projection, mean-latitude reference per feature, shoelace formula. Estimated error band +/-2%. Approximate. Not a surveyed or IEBC-issued figure. See data/catalogue/seed/datasets.json DS-KDA-DERIVED-AREA and docs/methodology/indicators.md."
"b38f20b1-fbe6-5a89-8579-4beb839c46e7","7c0652e9-2cad-5103-a60f-df75b2d5da84","ce6e7794-14b4-5706-bff1-dd7a12880f11","2026-08-26","2026-08-26","point_in_time","Computed 2026-08-26","3016.8","aggregated","estimated","official","B","40202350-a52d-505b-8c87-82f2cb84e245","05b4bda9-0468-56bf-a98f-14a6ed74989b","https://github.com/dansamuka/kenya-data-atlas/blob/main/docs/methodology/indicators.md","2026-08-26","equirectangular planar projection, mean-latitude reference per feature, shoelace formula. Estimated error band +/-2%. Approximate. Not a surveyed or IEBC-issued figure. See data/catalogue/seed/datasets.json DS-KDA-DERIVED-AREA and docs/methodology/indicators.md."
"e0418e7c-b5c6-5f5f-ac26-8cd3b3873993","241cf6f7-3ba9-5883-b287-5d3338cd76e1","e6c43924-d70e-57f7-9f0b-03aa5740d7f7","2026-08-26","2026-08-26","point_in_time","Computed 2026-08-26","564.3","aggregated","estimated","official","B","40202350-a52d-505b-8c87-82f2cb84e245","05b4bda9-0468-56bf-a98f-14a6ed74989b","https://github.com/dansamuka/kenya-data-atlas/blob/main/docs/methodology/indicators.md","2026-08-26","equirectangular planar projection, mean-latitude reference per feature, shoelace formula. Estimated error band +/-2%. Approximate. Not a surveyed or IEBC-issued figure. See data/catalogue/seed/datasets.json DS-KDA-DERIVED-AREA and docs/methodology/indicators.md."
"8496d776-8169-566d-a75e-5d9591ccde9d","35b1f74b-bee9-5e04-928c-037eee88c0ac","a4499272-a024-54c9-81a0-3596489b405f","2026-08-26","2026-08-26","point_in_time","Computed 2026-08-26","3030.5","aggregated","estimated","official","B","40202350-a52d-505b-8c87-82f2cb84e245","05b4bda9-0468-56bf-a98f-14a6ed74989b","https://github.com/dansamuka/kenya-data-atlas/blob/main/docs/methodology/indicators.md","2026-08-26","equirectangular planar projection, mean-latitude reference per feature, shoelace formula. Estimated error band +/-2%. Approximate. Not a surveyed or IEBC-issued figure. See data/catalogue/seed/datasets.json DS-KDA-DERIVED-AREA and docs/methodology/indicators.md."
"c83b93cc-4f64-51ab-abdf-4aff23a3f8e1","6af4bc3a-5090-5ecc-afe5-91e7a4721f38","ddeb0cc9-7b20-50d0-8a9e-9d5fd98d1131","2026-08-26","2026-08-26","point_in_time","Computed 2026-08-26","1692.1","aggregated","estimated","official","B","40202350-a52d-505b-8c87-82f2cb84e245","05b4bda9-0468-56bf-a98f-14a6ed74989b","https://github.com/dansamuka/kenya-data-atlas/blob/main/docs/methodology/indicators.md","2026-08-26","equirectangular planar projection, mean-latitude reference per feature, shoelace formula. Estimated error band +/-2%. Approximate. Not a surveyed or IEBC-issued figure. See data/catalogue/seed/datasets.json DS-KDA-DERIVED-AREA and docs/methodology/indicators.md."
"fdc9a9dc-8701-5637-9e9a-a006fc4d3cc3","45caf0ad-0cc9-5cc3-b584-270f63e2f498","ef4a5751-388d-5620-9293-0a16f87395f2","2026-08-26","2026-08-26","point_in_time","Computed 2026-08-26","2526.5","aggregated","estimated","official","B","40202350-a52d-505b-8c87-82f2cb84e245","05b4bda9-0468-56bf-a98f-14a6ed74989b","https://github.com/dansamuka/kenya-data-atlas/blob/main/docs/methodology/indicators.md","2026-08-26","equirectangular planar projection, mean-latitude reference per feature, shoelace formula. Estimated error band +/-2%. Approximate. Not a surveyed or IEBC-issued figure. See data/catalogue/seed/datasets.json DS-KDA-DERIVED-AREA and docs/methodology/indicators.md."
"9770449c-69a3-5b41-b891-1fa26587a10b","2035d665-d4a9-5eda-aa73-3a2fb954884f","b480fa47-cda8-5199-afd4-eedc5ebd6a8f","2026-08-26","2026-08-26","point_in_time","Computed 2026-08-26","2086.1","aggregated","estimated","official","B","40202350-a52d-505b-8c87-82f2cb84e245","05b4bda9-0468-56bf-a98f-14a6ed74989b","https://github.com/dansamuka/kenya-data-atlas/blob/main/docs/methodology/indicators.md","2026-08-26","equirectangular planar projection, mean-latitude reference per feature, shoelace formula. Estimated error band +/-2%. Approximate. Not a surveyed or IEBC-issued figure. See data/catalogue/seed/datasets.json DS-KDA-DERIVED-AREA and docs/methodology/indicators.md."
"cd952e90-2a36-57ed-825c-d7dafbeb99e6","94bb0db6-3a39-573f-8189-89642c184c4b","9ddae9f2-988b-581a-8282-7230e27be6b7","2026-08-26","2026-08-26","point_in_time","Computed 2026-08-26","3179.8","aggregated","estimated","official","B","40202350-a52d-505b-8c87-82f2cb84e245","05b4bda9-0468-56bf-a98f-14a6ed74989b","https://github.com/dansamuka/kenya-data-atlas/blob/main/docs/methodology/indicators.md","2026-08-26","equirectangular planar projection, mean-latitude reference per feature, shoelace formula. Estimated error band +/-2%. Approximate. Not a surveyed or IEBC-issued figure. See data/catalogue/seed/datasets.json DS-KDA-DERIVED-AREA and docs/methodology/indicators.md."
"8611d3fc-2461-5438-b540-fa64d91f3587","a3f775d1-64fc-5041-b6bd-56ef64dfc0ef","9575e583-e49f-5e62-9a5d-e48f053e76e8","2026-08-26","2026-08-26","point_in_time","Computed 2026-08-26","2593.1","aggregated","estimated","official","B","40202350-a52d-505b-8c87-82f2cb84e245","05b4bda9-0468-56bf-a98f-14a6ed74989b","https://github.com/dansamuka/kenya-data-atlas/blob/main/docs/methodology/indicators.md","2026-08-26","equirectangular planar projection, mean-latitude reference per feature, shoelace formula. Estimated error band +/-2%. Approximate. Not a surveyed or IEBC-issued figure. See data/catalogue/seed/datasets.json DS-KDA-DERIVED-AREA and docs/methodology/indicators.md."
"8f0b134d-290e-5a37-b475-f39ba2249704","0c8e0329-9648-541d-b5fc-6d547c99a17c","c2c462d1-7f28-5551-952b-482a5cfd3003","2026-08-26","2026-08-26","point_in_time","Computed 2026-08-26","1317.3","aggregated","estimated","official","B","40202350-a52d-505b-8c87-82f2cb84e245","05b4bda9-0468-56bf-a98f-14a6ed74989b","https://github.com/dansamuka/kenya-data-atlas/blob/main/docs/methodology/indicators.md","2026-08-26","equirectangular planar projection, mean-latitude reference per feature, shoelace formula. Estimated error band +/-2%. Approximate. Not a surveyed or IEBC-issued figure. See data/catalogue/seed/datasets.json DS-KDA-DERIVED-AREA and docs/methodology/indicators.md."
"18d778e8-dcda-52d7-b5a7-1f0a313928e5","d7379dd5-4cc5-5ff4-989b-b8a84a06a9c5","d403dba1-a3d3-5e2d-a896-78018f6b7c8e","2026-08-26","2026-08-26","point_in_time","Computed 2026-08-26","899.5","aggregated","estimated","official","B","40202350-a52d-505b-8c87-82f2cb84e245","05b4bda9-0468-56bf-a98f-14a6ed74989b","https://github.com/dansamuka/kenya-data-atlas/blob/main/docs/methodology/indicators.md","2026-08-26","equirectangular planar projection, mean-latitude reference per feature, shoelace formula. Estimated error band +/-2%. Approximate. Not a surveyed or IEBC-issued figure. See data/catalogue/seed/datasets.json DS-KDA-DERIVED-AREA and docs/methodology/indicators.md."
"d88d5f29-e576-5e8a-933a-c0a68276a2bc","61521ffe-1f03-5e7f-80b5-d89f4c4e8a53","bf6864bc-9f15-5e5f-819e-b6c30c83e8e8","2026-08-26","2026-08-26","point_in_time","Computed 2026-08-26","697.8","aggregated","estimated","official","B","40202350-a52d-505b-8c87-82f2cb84e245","05b4bda9-0468-56bf-a98f-14a6ed74989b","https://github.com/dansamuka/kenya-data-atlas/blob/main/docs/methodology/indicators.md","2026-08-26","equirectangular planar projection, mean-latitude reference per feature, shoelace formula. Estimated error band +/-2%. Approximate. Not a surveyed or IEBC-issued figure. See data/catalogue/seed/datasets.json DS-KDA-DERIVED-AREA and docs/methodology/indicators.md."
