series_id,series_code,indicator_id,geography_id,geography_taxonomy,boundary_version,frequency,period_type,unit_id,price_basis,base_period,currency,seasonal_adjustment,transformation,geographic_method,comparability_group,dataset_id,agency_id,start_period,end_period,latest_observation_id,observation_count,status
"e472643d-b9bd-5e79-8187-d981b0edadff","KDA-POP-TOTAL-KEN","4e6d05b0-7b3b-56de-8076-13026d62c16a","ecf8c770-9d71-5fcf-91e7-39713e391479","electoral","","decennial","point_in_time","3add048e-c42d-5b05-994c-dad9c6812cc4","not_applicable","","","none","level","direct","POP-CENSUS-2019","71cd1495-9331-5033-b43c-4e1fcaf919ac","e21a31f2-53f4-5c77-8a73-8dfab6e062e0","Census night, 24–25 August 2019","Census night, 24–25 August 2019","8aeb7547-5f43-564b-adf8-c32980c7c79d","1","active"
"eafe9fbd-6f1e-514c-aaba-21218277f92d","KDA-POP-TOTAL-C032","4e6d05b0-7b3b-56de-8076-13026d62c16a","9dc9005d-2ad9-57f1-9927-c951df4e5cfb","electoral","2012-01","decennial","point_in_time","3add048e-c42d-5b05-994c-dad9c6812cc4","not_applicable","","","none","level","direct","POP-CENSUS-2019","71cd1495-9331-5033-b43c-4e1fcaf919ac","e21a31f2-53f4-5c77-8a73-8dfab6e062e0","Census night, 24–25 August 2019","Census night, 24–25 August 2019","668331b8-d165-53f4-88c3-7c89dbd4c048","1","active"
"d6f989c0-0518-572b-819c-9dab1cd26d8b","KDA-CPI-YOY-KEN","17b6163a-3a31-5968-a0f9-4766937c2bed","ecf8c770-9d71-5fcf-91e7-39713e391479","electoral","","monthly","month","09db3d3a-c7b1-51f3-9909-d94d80106e82","not_applicable","","","none","rate","direct","CPI-BASE-2019M2","8a8144c3-6ad7-52b4-a6ec-e4a8bc85d42d","e21a31f2-53f4-5c77-8a73-8dfab6e062e0","June 2026","July 2026","c0314590-cef0-5003-a8f4-897f6d71fa16","2","active"
"a01f5087-0925-5d95-a3f3-4f9362bb107c","KDA-USDKES-KEN","3fcc51b3-a441-5902-b39b-3ccb56eab963","ecf8c770-9d71-5fcf-91e7-39713e391479","electoral","","daily","day","a2522f73-34eb-5b5e-a1d4-383888213b20","not_applicable","","","none","level","direct","FX-USDKES-MARKET","71d05116-970d-5630-8008-49c59eb71ba0","69ed8fa7-b815-5ad2-b146-229ebbbc4e01","26 August 2026","26 August 2026","969fe878-8ada-54c4-93ef-d1e57ea7d2c8","1","active"
"4abdbc1b-b21c-5524-9657-45a321a2412e","KDA-CBR-KEN","723524f4-8dde-5740-8c13-bcfa2b16acc6","ecf8c770-9d71-5fcf-91e7-39713e391479","electoral","","irregular","point_in_time","09db3d3a-c7b1-51f3-9909-d94d80106e82","not_applicable","","","none","level","direct","CBR-POLICY-RATE","71d05116-970d-5630-8008-49c59eb71ba0","69ed8fa7-b815-5ad2-b146-229ebbbc4e01","MPC decision, 11 August 2026","MPC decision, 11 August 2026","8682ee3a-f7c0-576a-a516-bfb6e3556144","1","active"
"bec32926-2542-5470-83ae-854df93092b8","KDA-TBILL91-KEN","3ff83e1d-ee77-59fb-94de-3ce4eef4d01d","ecf8c770-9d71-5fcf-91e7-39713e391479","electoral","","weekly","point_in_time","09db3d3a-c7b1-51f3-9909-d94d80106e82","not_applicable","","","none","level","direct","TBILL-91-AUCTION","71d05116-970d-5630-8008-49c59eb71ba0","69ed8fa7-b815-5ad2-b146-229ebbbc4e01","Auction, 10 August 2026","Auction, 10 August 2026","e5b23466-997d-5fc2-8171-abb5e664fb81","1","active"
"de1ff275-053c-5aac-afb8-5f23c4059a29","KDA-VOTERS-KEN","b8ae11eb-3d12-5072-981d-88d09b3cd8de","ecf8c770-9d71-5fcf-91e7-39713e391479","electoral","","irregular","point_in_time","3add048e-c42d-5b05-994c-dad9c6812cc4","not_applicable","","","none","level","direct","VOTERS-CERTIFIED-REGISTER","7eadcd85-0c68-5221-8644-a22a7ec397ba","94943f71-e5e7-52b2-aea1-b459044d36e6","Certified register, 20 June 2022","Certified register, 20 June 2022","a7cbf17b-c9b7-55c0-b08d-0475c5e03c0c","1","active"
"e3843f90-1ec3-5096-9862-1dd15fbd4404","KDA-AREA-KEN","1315e984-c280-57c1-97bb-e183b0b2af77","ecf8c770-9d71-5fcf-91e7-39713e391479","electoral","","irregular","point_in_time","288f3c4c-858c-5be1-8803-0529c2870ab7","not_applicable","","","none","level","aggregated","AREA-DERIVED-2012-01","05b4bda9-0468-56bf-a98f-14a6ed74989b","9b148b36-80bd-5bef-89ed-4d9fd37ba1c2","Computed 2026-08-26","Computed 2026-08-26","a00226dc-34ba-5922-8647-635572685a18","1","active"
"7c494125-4746-5112-bbaf-52b29daabfdb","KDA-AREA-KEN-C001","1315e984-c280-57c1-97bb-e183b0b2af77","d4d620d7-8602-55a8-8c78-774bc9148a70","electoral","2012-01","irregular","point_in_time","288f3c4c-858c-5be1-8803-0529c2870ab7","not_applicable","","","none","level","aggregated","AREA-DERIVED-2012-01","05b4bda9-0468-56bf-a98f-14a6ed74989b","9b148b36-80bd-5bef-89ed-4d9fd37ba1c2","Computed 2026-08-26","Computed 2026-08-26","b2e22fa8-4901-59c5-b339-99a1ba11da36","1","active"
"6cd722fd-022f-50d3-9ba1-478f390e186e","KDA-AREA-KEN-C002","1315e984-c280-57c1-97bb-e183b0b2af77","66a1bc3d-acfb-5bf1-82a7-14c3e4158e2a","electoral","2012-01","irregular","point_in_time","288f3c4c-858c-5be1-8803-0529c2870ab7","not_applicable","","","none","level","aggregated","AREA-DERIVED-2012-01","05b4bda9-0468-56bf-a98f-14a6ed74989b","9b148b36-80bd-5bef-89ed-4d9fd37ba1c2","Computed 2026-08-26","Computed 2026-08-26","a311e14e-6e17-5914-8925-9309c31cd041","1","active"
"937a7b38-616a-596d-9142-bc7b462fd246","KDA-AREA-KEN-C003","1315e984-c280-57c1-97bb-e183b0b2af77","6303f3f4-e271-5f8a-a153-730ee1bee865","electoral","2012-01","irregular","point_in_time","288f3c4c-858c-5be1-8803-0529c2870ab7","not_applicable","","","none","level","aggregated","AREA-DERIVED-2012-01","05b4bda9-0468-56bf-a98f-14a6ed74989b","9b148b36-80bd-5bef-89ed-4d9fd37ba1c2","Computed 2026-08-26","Computed 2026-08-26","687051a4-d453-530b-b4b9-624d21525950","1","active"
"995a86ea-6ca8-5c10-b244-8ba789fffb81","KDA-AREA-KEN-C004","1315e984-c280-57c1-97bb-e183b0b2af77","5359be9e-cb0b-59d6-9561-e48914468109","electoral","2012-01","irregular","point_in_time","288f3c4c-858c-5be1-8803-0529c2870ab7","not_applicable","","","none","level","aggregated","AREA-DERIVED-2012-01","05b4bda9-0468-56bf-a98f-14a6ed74989b","9b148b36-80bd-5bef-89ed-4d9fd37ba1c2","Computed 2026-08-26","Computed 2026-08-26","9ee32b0e-8802-5159-afff-284fd27562b4","1","active"
"91c00cb3-0cc4-560d-9deb-3ab2cf326e05","KDA-AREA-KEN-C005","1315e984-c280-57c1-97bb-e183b0b2af77","0f1ecb4e-f7cf-5a6e-8774-13a1e5350904","electoral","2012-01","irregular","point_in_time","288f3c4c-858c-5be1-8803-0529c2870ab7","not_applicable","","","none","level","aggregated","AREA-DERIVED-2012-01","05b4bda9-0468-56bf-a98f-14a6ed74989b","9b148b36-80bd-5bef-89ed-4d9fd37ba1c2","Computed 2026-08-26","Computed 2026-08-26","7b697b66-598e-5329-8418-c9c1803597e9","1","active"
"99e35034-7d6c-5822-b959-3fe64fee3e48","KDA-AREA-KEN-C006","1315e984-c280-57c1-97bb-e183b0b2af77","4457e0ad-60f9-5d86-abda-241b77ba3f8b","electoral","2012-01","irregular","point_in_time","288f3c4c-858c-5be1-8803-0529c2870ab7","not_applicable","","","none","level","aggregated","AREA-DERIVED-2012-01","05b4bda9-0468-56bf-a98f-14a6ed74989b","9b148b36-80bd-5bef-89ed-4d9fd37ba1c2","Computed 2026-08-26","Computed 2026-08-26","983fa592-9ad2-51db-96ac-11839804e1af","1","active"
"82309edf-7645-5faa-ba22-34dd2ac721c5","KDA-AREA-KEN-C007","1315e984-c280-57c1-97bb-e183b0b2af77","a7ea7bb6-5575-57dc-947e-650b9091b279","electoral","2012-01","irregular","point_in_time","288f3c4c-858c-5be1-8803-0529c2870ab7","not_applicable","","","none","level","aggregated","AREA-DERIVED-2012-01","05b4bda9-0468-56bf-a98f-14a6ed74989b","9b148b36-80bd-5bef-89ed-4d9fd37ba1c2","Computed 2026-08-26","Computed 2026-08-26","e23b0b75-e063-5cf5-902d-66c7941c94c1","1","active"
"c4f2bc3a-8008-58e9-b442-605268f77dbd","KDA-AREA-KEN-C008","1315e984-c280-57c1-97bb-e183b0b2af77","48bb9364-5557-534e-9ceb-246529626b0f","electoral","2012-01","irregular","point_in_time","288f3c4c-858c-5be1-8803-0529c2870ab7","not_applicable","","","none","level","aggregated","AREA-DERIVED-2012-01","05b4bda9-0468-56bf-a98f-14a6ed74989b","9b148b36-80bd-5bef-89ed-4d9fd37ba1c2","Computed 2026-08-26","Computed 2026-08-26","a154d488-1aba-5b33-9124-18b1e4fa3bde","1","active"
"c7feb817-e8aa-5cea-b87f-33bc9605b857","KDA-AREA-KEN-C009","1315e984-c280-57c1-97bb-e183b0b2af77","14ae35bd-4cdf-553f-ad03-439c502a49e6","electoral","2012-01","irregular","point_in_time","288f3c4c-858c-5be1-8803-0529c2870ab7","not_applicable","","","none","level","aggregated","AREA-DERIVED-2012-01","05b4bda9-0468-56bf-a98f-14a6ed74989b","9b148b36-80bd-5bef-89ed-4d9fd37ba1c2","Computed 2026-08-26","Computed 2026-08-26","371cdf71-422f-598c-8295-504f4ca4a63e","1","active"
"b0127369-4d51-534b-a51d-beb6621aaa15","KDA-AREA-KEN-C010","1315e984-c280-57c1-97bb-e183b0b2af77","758ead44-179a-5d2e-8612-a3aea3ec83b4","electoral","2012-01","irregular","point_in_time","288f3c4c-858c-5be1-8803-0529c2870ab7","not_applicable","","","none","level","aggregated","AREA-DERIVED-2012-01","05b4bda9-0468-56bf-a98f-14a6ed74989b","9b148b36-80bd-5bef-89ed-4d9fd37ba1c2","Computed 2026-08-26","Computed 2026-08-26","0b49a31a-d7be-50c9-89fc-5fd8c54b94ce","1","active"
"46200c63-45fa-5638-b5ff-85027ef5d836","KDA-AREA-KEN-C011","1315e984-c280-57c1-97bb-e183b0b2af77","31c6c13b-4440-5fd6-b5d1-2cbac05963be","electoral","2012-01","irregular","point_in_time","288f3c4c-858c-5be1-8803-0529c2870ab7","not_applicable","","","none","level","aggregated","AREA-DERIVED-2012-01","05b4bda9-0468-56bf-a98f-14a6ed74989b","9b148b36-80bd-5bef-89ed-4d9fd37ba1c2","Computed 2026-08-26","Computed 2026-08-26","18de9c91-b720-5a10-84c6-93bb81d1982e","1","active"
"187a2f09-8b3a-51fe-98d8-372ed900df4f","KDA-AREA-KEN-C012","1315e984-c280-57c1-97bb-e183b0b2af77","6c320716-08cb-5cfb-b4d1-16ce0a1aed8b","electoral","2012-01","irregular","point_in_time","288f3c4c-858c-5be1-8803-0529c2870ab7","not_applicable","","","none","level","aggregated","AREA-DERIVED-2012-01","05b4bda9-0468-56bf-a98f-14a6ed74989b","9b148b36-80bd-5bef-89ed-4d9fd37ba1c2","Computed 2026-08-26","Computed 2026-08-26","ab267c78-07b1-5f79-b00d-ca7983142f37","1","active"
"d8a3a12b-9b30-5d6b-a852-ac0524d62e6a","KDA-AREA-KEN-C013","1315e984-c280-57c1-97bb-e183b0b2af77","46d871ad-38a9-5f7f-8caf-fa62cf5efbbe","electoral","2012-01","irregular","point_in_time","288f3c4c-858c-5be1-8803-0529c2870ab7","not_applicable","","","none","level","aggregated","AREA-DERIVED-2012-01","05b4bda9-0468-56bf-a98f-14a6ed74989b","9b148b36-80bd-5bef-89ed-4d9fd37ba1c2","Computed 2026-08-26","Computed 2026-08-26","938581c8-dab3-516a-a008-f098e8c5cf87","1","active"
"2a504409-4919-5c2f-a4e7-f7c6d9dce4ae","KDA-AREA-KEN-C014","1315e984-c280-57c1-97bb-e183b0b2af77","73c49e9b-999b-5afe-b5e0-c5df4a48efed","electoral","2012-01","irregular","point_in_time","288f3c4c-858c-5be1-8803-0529c2870ab7","not_applicable","","","none","level","aggregated","AREA-DERIVED-2012-01","05b4bda9-0468-56bf-a98f-14a6ed74989b","9b148b36-80bd-5bef-89ed-4d9fd37ba1c2","Computed 2026-08-26","Computed 2026-08-26","82609729-ac63-5278-b2c2-8c0efad1e59c","1","active"
"d4b63d0b-1f8b-57ee-a247-59e5c5728c60","KDA-AREA-KEN-C015","1315e984-c280-57c1-97bb-e183b0b2af77","efcf0d37-384c-58d0-ba43-bf8937e062a8","electoral","2012-01","irregular","point_in_time","288f3c4c-858c-5be1-8803-0529c2870ab7","not_applicable","","","none","level","aggregated","AREA-DERIVED-2012-01","05b4bda9-0468-56bf-a98f-14a6ed74989b","9b148b36-80bd-5bef-89ed-4d9fd37ba1c2","Computed 2026-08-26","Computed 2026-08-26","bb253956-9259-537e-aa22-1145e4eb1d12","1","active"
"e24d27f3-b922-5dd2-bcfa-ee9ede14e5e9","KDA-AREA-KEN-C016","1315e984-c280-57c1-97bb-e183b0b2af77","110b5a9b-accf-53d3-b558-8d1cc1476690","electoral","2012-01","irregular","point_in_time","288f3c4c-858c-5be1-8803-0529c2870ab7","not_applicable","","","none","level","aggregated","AREA-DERIVED-2012-01","05b4bda9-0468-56bf-a98f-14a6ed74989b","9b148b36-80bd-5bef-89ed-4d9fd37ba1c2","Computed 2026-08-26","Computed 2026-08-26","8415facc-11cb-564d-9671-db1812cc758c","1","active"
"3659c290-1a0c-587c-a72e-1b10b690727a","KDA-AREA-KEN-C017","1315e984-c280-57c1-97bb-e183b0b2af77","418212dc-0a47-510e-83c3-c30fd9deb53e","electoral","2012-01","irregular","point_in_time","288f3c4c-858c-5be1-8803-0529c2870ab7","not_applicable","","","none","level","aggregated","AREA-DERIVED-2012-01","05b4bda9-0468-56bf-a98f-14a6ed74989b","9b148b36-80bd-5bef-89ed-4d9fd37ba1c2","Computed 2026-08-26","Computed 2026-08-26","a5cd39ee-5f3b-5d56-8115-b53341968467","1","active"
"f76181fb-73cb-5dcf-bc37-0f265e6b6cb5","KDA-AREA-KEN-C018","1315e984-c280-57c1-97bb-e183b0b2af77","f1432c15-8450-5e4b-a668-5151dd0e008d","electoral","2012-01","irregular","point_in_time","288f3c4c-858c-5be1-8803-0529c2870ab7","not_applicable","","","none","level","aggregated","AREA-DERIVED-2012-01","05b4bda9-0468-56bf-a98f-14a6ed74989b","9b148b36-80bd-5bef-89ed-4d9fd37ba1c2","Computed 2026-08-26","Computed 2026-08-26","679c1281-5998-5061-8462-761a610cf29d","1","active"
"a5b123df-ec5e-53c6-9a9f-f8cc499dab49","KDA-AREA-KEN-C019","1315e984-c280-57c1-97bb-e183b0b2af77","16808e44-6168-57a9-81fd-29dbe2682acb","electoral","2012-01","irregular","point_in_time","288f3c4c-858c-5be1-8803-0529c2870ab7","not_applicable","","","none","level","aggregated","AREA-DERIVED-2012-01","05b4bda9-0468-56bf-a98f-14a6ed74989b","9b148b36-80bd-5bef-89ed-4d9fd37ba1c2","Computed 2026-08-26","Computed 2026-08-26","8816b48b-1207-5661-ad4e-e8d751053899","1","active"
"a563d355-33f7-5bdd-b254-339656688d80","KDA-AREA-KEN-C020","1315e984-c280-57c1-97bb-e183b0b2af77","b183f606-6fbd-55ba-b94c-f4819df0a852","electoral","2012-01","irregular","point_in_time","288f3c4c-858c-5be1-8803-0529c2870ab7","not_applicable","","","none","level","aggregated","AREA-DERIVED-2012-01","05b4bda9-0468-56bf-a98f-14a6ed74989b","9b148b36-80bd-5bef-89ed-4d9fd37ba1c2","Computed 2026-08-26","Computed 2026-08-26","af36800a-0087-5931-bfdc-b97823086178","1","active"
"6163f0ab-1d33-5e52-941a-77ed1e4390a2","KDA-AREA-KEN-C021","1315e984-c280-57c1-97bb-e183b0b2af77","63e6158b-4293-559b-a0b8-cb068735d4a8","electoral","2012-01","irregular","point_in_time","288f3c4c-858c-5be1-8803-0529c2870ab7","not_applicable","","","none","level","aggregated","AREA-DERIVED-2012-01","05b4bda9-0468-56bf-a98f-14a6ed74989b","9b148b36-80bd-5bef-89ed-4d9fd37ba1c2","Computed 2026-08-26","Computed 2026-08-26","fc16e7c9-df57-5026-94e2-21759d8d820c","1","active"
"67448f69-419e-5689-b1f5-5a83698e5d93","KDA-AREA-KEN-C022","1315e984-c280-57c1-97bb-e183b0b2af77","b4bc133a-fe17-5ab9-8824-af7895fdd276","electoral","2012-01","irregular","point_in_time","288f3c4c-858c-5be1-8803-0529c2870ab7","not_applicable","","","none","level","aggregated","AREA-DERIVED-2012-01","05b4bda9-0468-56bf-a98f-14a6ed74989b","9b148b36-80bd-5bef-89ed-4d9fd37ba1c2","Computed 2026-08-26","Computed 2026-08-26","9ad8cb0e-ab4b-554e-a186-c65ee0da9534","1","active"
"b5d6bc37-13af-5560-a65d-cb2dfcace8bd","KDA-AREA-KEN-C023","1315e984-c280-57c1-97bb-e183b0b2af77","79e6e98b-2569-5520-b4c1-7faa24557250","electoral","2012-01","irregular","point_in_time","288f3c4c-858c-5be1-8803-0529c2870ab7","not_applicable","","","none","level","aggregated","AREA-DERIVED-2012-01","05b4bda9-0468-56bf-a98f-14a6ed74989b","9b148b36-80bd-5bef-89ed-4d9fd37ba1c2","Computed 2026-08-26","Computed 2026-08-26","acd9a39e-7969-55e7-8606-0f1c9a8dbbfd","1","active"
"391cb2a4-0737-5b1f-884e-f578ab73c7c0","KDA-AREA-KEN-C024","1315e984-c280-57c1-97bb-e183b0b2af77","321c4e21-8c5a-5baf-ba86-a539c99a5e9b","electoral","2012-01","irregular","point_in_time","288f3c4c-858c-5be1-8803-0529c2870ab7","not_applicable","","","none","level","aggregated","AREA-DERIVED-2012-01","05b4bda9-0468-56bf-a98f-14a6ed74989b","9b148b36-80bd-5bef-89ed-4d9fd37ba1c2","Computed 2026-08-26","Computed 2026-08-26","5d2a1833-abab-58b0-9444-b9f47f220366","1","active"
"0d27eb6e-b385-5dec-b640-1644a97d5b4d","KDA-AREA-KEN-C025","1315e984-c280-57c1-97bb-e183b0b2af77","2e88f596-ae2e-5298-a295-8078bb369a9d","electoral","2012-01","irregular","point_in_time","288f3c4c-858c-5be1-8803-0529c2870ab7","not_applicable","","","none","level","aggregated","AREA-DERIVED-2012-01","05b4bda9-0468-56bf-a98f-14a6ed74989b","9b148b36-80bd-5bef-89ed-4d9fd37ba1c2","Computed 2026-08-26","Computed 2026-08-26","e6afc64b-0666-59c3-b4ed-49352aeff5da","1","active"
"d77e9455-03cd-5e56-ab6e-260fa783dafd","KDA-AREA-KEN-C026","1315e984-c280-57c1-97bb-e183b0b2af77","1435e02a-7508-5914-9d5c-399adc0ff5f5","electoral","2012-01","irregular","point_in_time","288f3c4c-858c-5be1-8803-0529c2870ab7","not_applicable","","","none","level","aggregated","AREA-DERIVED-2012-01","05b4bda9-0468-56bf-a98f-14a6ed74989b","9b148b36-80bd-5bef-89ed-4d9fd37ba1c2","Computed 2026-08-26","Computed 2026-08-26","ac2adbdc-e57b-5275-827d-71896d8874c9","1","active"
"1d8ddaad-c95f-5b5e-9a82-4d4f59f66faa","KDA-AREA-KEN-C027","1315e984-c280-57c1-97bb-e183b0b2af77","550f28f3-a8f8-566e-a458-137789e3f89d","electoral","2012-01","irregular","point_in_time","288f3c4c-858c-5be1-8803-0529c2870ab7","not_applicable","","","none","level","aggregated","AREA-DERIVED-2012-01","05b4bda9-0468-56bf-a98f-14a6ed74989b","9b148b36-80bd-5bef-89ed-4d9fd37ba1c2","Computed 2026-08-26","Computed 2026-08-26","38961e7e-ed98-5ebc-96da-dedc63c9e9af","1","active"
"3b8e3520-d0f6-570b-a749-cb2e68fb783d","KDA-AREA-KEN-C028","1315e984-c280-57c1-97bb-e183b0b2af77","f4d743d7-f527-5691-818d-83ca7ae22c14","electoral","2012-01","irregular","point_in_time","288f3c4c-858c-5be1-8803-0529c2870ab7","not_applicable","","","none","level","aggregated","AREA-DERIVED-2012-01","05b4bda9-0468-56bf-a98f-14a6ed74989b","9b148b36-80bd-5bef-89ed-4d9fd37ba1c2","Computed 2026-08-26","Computed 2026-08-26","5fbee95a-3b34-5b0d-864f-770dc6cd3b4a","1","active"
"8d04ff96-21fb-5d7c-9f0a-5c01ee9f5745","KDA-AREA-KEN-C029","1315e984-c280-57c1-97bb-e183b0b2af77","bd1f873f-6065-5372-96a9-0849be7e402f","electoral","2012-01","irregular","point_in_time","288f3c4c-858c-5be1-8803-0529c2870ab7","not_applicable","","","none","level","aggregated","AREA-DERIVED-2012-01","05b4bda9-0468-56bf-a98f-14a6ed74989b","9b148b36-80bd-5bef-89ed-4d9fd37ba1c2","Computed 2026-08-26","Computed 2026-08-26","dba1576a-2ef3-53cd-a1eb-f1bb6fb88d89","1","active"
"801ae5b0-b9ba-59be-8ede-70132ffc5a47","KDA-AREA-KEN-C030","1315e984-c280-57c1-97bb-e183b0b2af77","c10e40a8-4a0f-5ac9-9a9c-9538938f81fd","electoral","2012-01","irregular","point_in_time","288f3c4c-858c-5be1-8803-0529c2870ab7","not_applicable","","","none","level","aggregated","AREA-DERIVED-2012-01","05b4bda9-0468-56bf-a98f-14a6ed74989b","9b148b36-80bd-5bef-89ed-4d9fd37ba1c2","Computed 2026-08-26","Computed 2026-08-26","4385f037-4469-56ba-b9e9-404c13db3607","1","active"
"af504888-0eef-503d-a20b-0f3bb89d6c84","KDA-AREA-KEN-C031","1315e984-c280-57c1-97bb-e183b0b2af77","2929fd5b-add6-5a6b-918b-661d37c1e21a","electoral","2012-01","irregular","point_in_time","288f3c4c-858c-5be1-8803-0529c2870ab7","not_applicable","","","none","level","aggregated","AREA-DERIVED-2012-01","05b4bda9-0468-56bf-a98f-14a6ed74989b","9b148b36-80bd-5bef-89ed-4d9fd37ba1c2","Computed 2026-08-26","Computed 2026-08-26","a819f186-0bd0-53a8-8490-601c284ef269","1","active"
"ade509b7-559b-5b9d-acd0-4e10d31197bc","KDA-AREA-KEN-C032","1315e984-c280-57c1-97bb-e183b0b2af77","9dc9005d-2ad9-57f1-9927-c951df4e5cfb","electoral","2012-01","irregular","point_in_time","288f3c4c-858c-5be1-8803-0529c2870ab7","not_applicable","","","none","level","aggregated","AREA-DERIVED-2012-01","05b4bda9-0468-56bf-a98f-14a6ed74989b","9b148b36-80bd-5bef-89ed-4d9fd37ba1c2","Computed 2026-08-26","Computed 2026-08-26","4974af34-ec92-52a8-8d8e-bf0749b8cf9b","1","active"
"c71cc3a2-4d9f-5176-9f24-0dacd432ae51","KDA-AREA-KEN-C033","1315e984-c280-57c1-97bb-e183b0b2af77","84932ef0-f570-5d9b-892c-3c561b214be9","electoral","2012-01","irregular","point_in_time","288f3c4c-858c-5be1-8803-0529c2870ab7","not_applicable","","","none","level","aggregated","AREA-DERIVED-2012-01","05b4bda9-0468-56bf-a98f-14a6ed74989b","9b148b36-80bd-5bef-89ed-4d9fd37ba1c2","Computed 2026-08-26","Computed 2026-08-26","5bbbc66f-d54b-5b6e-a5bc-44d74b23a9f5","1","active"
"df33b7c6-fc41-5987-b2f1-827de22574b6","KDA-AREA-KEN-C034","1315e984-c280-57c1-97bb-e183b0b2af77","a91c60cb-b2b4-5cdf-a1fc-fbe89f9f0665","electoral","2012-01","irregular","point_in_time","288f3c4c-858c-5be1-8803-0529c2870ab7","not_applicable","","","none","level","aggregated","AREA-DERIVED-2012-01","05b4bda9-0468-56bf-a98f-14a6ed74989b","9b148b36-80bd-5bef-89ed-4d9fd37ba1c2","Computed 2026-08-26","Computed 2026-08-26","7470467e-dcfd-5299-93d9-3721d249308e","1","active"
"53d36762-e346-5651-97cd-7d7087a20c8f","KDA-AREA-KEN-C035","1315e984-c280-57c1-97bb-e183b0b2af77","f377dad1-a4e8-5681-af41-07de7a5e66bc","electoral","2012-01","irregular","point_in_time","288f3c4c-858c-5be1-8803-0529c2870ab7","not_applicable","","","none","level","aggregated","AREA-DERIVED-2012-01","05b4bda9-0468-56bf-a98f-14a6ed74989b","9b148b36-80bd-5bef-89ed-4d9fd37ba1c2","Computed 2026-08-26","Computed 2026-08-26","1fb7a634-a710-53f0-b238-487ca3529f5a","1","active"
"763ebd66-f772-5f37-81ca-74c3e22c70fc","KDA-AREA-KEN-C036","1315e984-c280-57c1-97bb-e183b0b2af77","0b3dac6f-b81a-5ac8-bd57-34f3507c8c14","electoral","2012-01","irregular","point_in_time","288f3c4c-858c-5be1-8803-0529c2870ab7","not_applicable","","","none","level","aggregated","AREA-DERIVED-2012-01","05b4bda9-0468-56bf-a98f-14a6ed74989b","9b148b36-80bd-5bef-89ed-4d9fd37ba1c2","Computed 2026-08-26","Computed 2026-08-26","b1f6a09c-a697-526b-8145-00d0947a3251","1","active"
"7c0652e9-2cad-5103-a60f-df75b2d5da84","KDA-AREA-KEN-C037","1315e984-c280-57c1-97bb-e183b0b2af77","ce6e7794-14b4-5706-bff1-dd7a12880f11","electoral","2012-01","irregular","point_in_time","288f3c4c-858c-5be1-8803-0529c2870ab7","not_applicable","","","none","level","aggregated","AREA-DERIVED-2012-01","05b4bda9-0468-56bf-a98f-14a6ed74989b","9b148b36-80bd-5bef-89ed-4d9fd37ba1c2","Computed 2026-08-26","Computed 2026-08-26","b38f20b1-fbe6-5a89-8579-4beb839c46e7","1","active"
"241cf6f7-3ba9-5883-b287-5d3338cd76e1","KDA-AREA-KEN-C038","1315e984-c280-57c1-97bb-e183b0b2af77","e6c43924-d70e-57f7-9f0b-03aa5740d7f7","electoral","2012-01","irregular","point_in_time","288f3c4c-858c-5be1-8803-0529c2870ab7","not_applicable","","","none","level","aggregated","AREA-DERIVED-2012-01","05b4bda9-0468-56bf-a98f-14a6ed74989b","9b148b36-80bd-5bef-89ed-4d9fd37ba1c2","Computed 2026-08-26","Computed 2026-08-26","e0418e7c-b5c6-5f5f-ac26-8cd3b3873993","1","active"
"35b1f74b-bee9-5e04-928c-037eee88c0ac","KDA-AREA-KEN-C039","1315e984-c280-57c1-97bb-e183b0b2af77","a4499272-a024-54c9-81a0-3596489b405f","electoral","2012-01","irregular","point_in_time","288f3c4c-858c-5be1-8803-0529c2870ab7","not_applicable","","","none","level","aggregated","AREA-DERIVED-2012-01","05b4bda9-0468-56bf-a98f-14a6ed74989b","9b148b36-80bd-5bef-89ed-4d9fd37ba1c2","Computed 2026-08-26","Computed 2026-08-26","8496d776-8169-566d-a75e-5d9591ccde9d","1","active"
"6af4bc3a-5090-5ecc-afe5-91e7a4721f38","KDA-AREA-KEN-C040","1315e984-c280-57c1-97bb-e183b0b2af77","ddeb0cc9-7b20-50d0-8a9e-9d5fd98d1131","electoral","2012-01","irregular","point_in_time","288f3c4c-858c-5be1-8803-0529c2870ab7","not_applicable","","","none","level","aggregated","AREA-DERIVED-2012-01","05b4bda9-0468-56bf-a98f-14a6ed74989b","9b148b36-80bd-5bef-89ed-4d9fd37ba1c2","Computed 2026-08-26","Computed 2026-08-26","c83b93cc-4f64-51ab-abdf-4aff23a3f8e1","1","active"
"45caf0ad-0cc9-5cc3-b584-270f63e2f498","KDA-AREA-KEN-C041","1315e984-c280-57c1-97bb-e183b0b2af77","ef4a5751-388d-5620-9293-0a16f87395f2","electoral","2012-01","irregular","point_in_time","288f3c4c-858c-5be1-8803-0529c2870ab7","not_applicable","","","none","level","aggregated","AREA-DERIVED-2012-01","05b4bda9-0468-56bf-a98f-14a6ed74989b","9b148b36-80bd-5bef-89ed-4d9fd37ba1c2","Computed 2026-08-26","Computed 2026-08-26","fdc9a9dc-8701-5637-9e9a-a006fc4d3cc3","1","active"
"2035d665-d4a9-5eda-aa73-3a2fb954884f","KDA-AREA-KEN-C042","1315e984-c280-57c1-97bb-e183b0b2af77","b480fa47-cda8-5199-afd4-eedc5ebd6a8f","electoral","2012-01","irregular","point_in_time","288f3c4c-858c-5be1-8803-0529c2870ab7","not_applicable","","","none","level","aggregated","AREA-DERIVED-2012-01","05b4bda9-0468-56bf-a98f-14a6ed74989b","9b148b36-80bd-5bef-89ed-4d9fd37ba1c2","Computed 2026-08-26","Computed 2026-08-26","9770449c-69a3-5b41-b891-1fa26587a10b","1","active"
"94bb0db6-3a39-573f-8189-89642c184c4b","KDA-AREA-KEN-C043","1315e984-c280-57c1-97bb-e183b0b2af77","9ddae9f2-988b-581a-8282-7230e27be6b7","electoral","2012-01","irregular","point_in_time","288f3c4c-858c-5be1-8803-0529c2870ab7","not_applicable","","","none","level","aggregated","AREA-DERIVED-2012-01","05b4bda9-0468-56bf-a98f-14a6ed74989b","9b148b36-80bd-5bef-89ed-4d9fd37ba1c2","Computed 2026-08-26","Computed 2026-08-26","cd952e90-2a36-57ed-825c-d7dafbeb99e6","1","active"
"a3f775d1-64fc-5041-b6bd-56ef64dfc0ef","KDA-AREA-KEN-C044","1315e984-c280-57c1-97bb-e183b0b2af77","9575e583-e49f-5e62-9a5d-e48f053e76e8","electoral","2012-01","irregular","point_in_time","288f3c4c-858c-5be1-8803-0529c2870ab7","not_applicable","","","none","level","aggregated","AREA-DERIVED-2012-01","05b4bda9-0468-56bf-a98f-14a6ed74989b","9b148b36-80bd-5bef-89ed-4d9fd37ba1c2","Computed 2026-08-26","Computed 2026-08-26","8611d3fc-2461-5438-b540-fa64d91f3587","1","active"
"0c8e0329-9648-541d-b5fc-6d547c99a17c","KDA-AREA-KEN-C045","1315e984-c280-57c1-97bb-e183b0b2af77","c2c462d1-7f28-5551-952b-482a5cfd3003","electoral","2012-01","irregular","point_in_time","288f3c4c-858c-5be1-8803-0529c2870ab7","not_applicable","","","none","level","aggregated","AREA-DERIVED-2012-01","05b4bda9-0468-56bf-a98f-14a6ed74989b","9b148b36-80bd-5bef-89ed-4d9fd37ba1c2","Computed 2026-08-26","Computed 2026-08-26","8f0b134d-290e-5a37-b475-f39ba2249704","1","active"
"d7379dd5-4cc5-5ff4-989b-b8a84a06a9c5","KDA-AREA-KEN-C046","1315e984-c280-57c1-97bb-e183b0b2af77","d403dba1-a3d3-5e2d-a896-78018f6b7c8e","electoral","2012-01","irregular","point_in_time","288f3c4c-858c-5be1-8803-0529c2870ab7","not_applicable","","","none","level","aggregated","AREA-DERIVED-2012-01","05b4bda9-0468-56bf-a98f-14a6ed74989b","9b148b36-80bd-5bef-89ed-4d9fd37ba1c2","Computed 2026-08-26","Computed 2026-08-26","18d778e8-dcda-52d7-b5a7-1f0a313928e5","1","active"
"61521ffe-1f03-5e7f-80b5-d89f4c4e8a53","KDA-AREA-KEN-C047","1315e984-c280-57c1-97bb-e183b0b2af77","bf6864bc-9f15-5e5f-819e-b6c30c83e8e8","electoral","2012-01","irregular","point_in_time","288f3c4c-858c-5be1-8803-0529c2870ab7","not_applicable","","","none","level","aggregated","AREA-DERIVED-2012-01","05b4bda9-0468-56bf-a98f-14a6ed74989b","9b148b36-80bd-5bef-89ed-4d9fd37ba1c2","Computed 2026-08-26","Computed 2026-08-26","d88d5f29-e576-5e8a-933a-c0a68276a2bc","1","active"
