geo_code,name,metric_code,value,unit_code,period_start,period_end,period_label,source_url,source_table,source_page,notes
KEN-C001,Mombasa,IND-RENT-BURDEN,34.6,percent,2024-01-01,2024-12-31,2024,https://www.knbs.or.ke/wp-content/uploads/2025/05/2025-Economic-Survey.pdf,Table 20.5,523,"Total-column proportion of rent to household expenditure by county; a rent-burden measure, not a synthetic cost-of-living index."
KEN-C002,Kwale,IND-RENT-BURDEN,27.4,percent,2024-01-01,2024-12-31,2024,https://www.knbs.or.ke/wp-content/uploads/2025/05/2025-Economic-Survey.pdf,Table 20.5,523,"Total-column proportion of rent to household expenditure by county; a rent-burden measure, not a synthetic cost-of-living index."
KEN-C003,Kilifi,IND-RENT-BURDEN,34.3,percent,2024-01-01,2024-12-31,2024,https://www.knbs.or.ke/wp-content/uploads/2025/05/2025-Economic-Survey.pdf,Table 20.5,523,"Total-column proportion of rent to household expenditure by county; a rent-burden measure, not a synthetic cost-of-living index."
KEN-C004,Tana River,IND-RENT-BURDEN,22.3,percent,2024-01-01,2024-12-31,2024,https://www.knbs.or.ke/wp-content/uploads/2025/05/2025-Economic-Survey.pdf,Table 20.5,523,"Total-column proportion of rent to household expenditure by county; a rent-burden measure, not a synthetic cost-of-living index."
KEN-C005,Lamu,IND-RENT-BURDEN,29.9,percent,2024-01-01,2024-12-31,2024,https://www.knbs.or.ke/wp-content/uploads/2025/05/2025-Economic-Survey.pdf,Table 20.5,523,"Total-column proportion of rent to household expenditure by county; a rent-burden measure, not a synthetic cost-of-living index."
KEN-C006,Taita/Taveta,IND-RENT-BURDEN,31.5,percent,2024-01-01,2024-12-31,2024,https://www.knbs.or.ke/wp-content/uploads/2025/05/2025-Economic-Survey.pdf,Table 20.5,523,"Total-column proportion of rent to household expenditure by county; a rent-burden measure, not a synthetic cost-of-living index."
KEN-C007,Garissa,IND-RENT-BURDEN,35.5,percent,2024-01-01,2024-12-31,2024,https://www.knbs.or.ke/wp-content/uploads/2025/05/2025-Economic-Survey.pdf,Table 20.5,523,"Total-column proportion of rent to household expenditure by county; a rent-burden measure, not a synthetic cost-of-living index."
KEN-C008,Wajir,IND-RENT-BURDEN,38.9,percent,2024-01-01,2024-12-31,2024,https://www.knbs.or.ke/wp-content/uploads/2025/05/2025-Economic-Survey.pdf,Table 20.5,523,"Total-column proportion of rent to household expenditure by county; a rent-burden measure, not a synthetic cost-of-living index."
KEN-C009,Mandera,IND-RENT-BURDEN,28.2,percent,2024-01-01,2024-12-31,2024,https://www.knbs.or.ke/wp-content/uploads/2025/05/2025-Economic-Survey.pdf,Table 20.5,523,"Total-column proportion of rent to household expenditure by county; a rent-burden measure, not a synthetic cost-of-living index."
KEN-C010,Marsabit,IND-RENT-BURDEN,42.0,percent,2024-01-01,2024-12-31,2024,https://www.knbs.or.ke/wp-content/uploads/2025/05/2025-Economic-Survey.pdf,Table 20.5,523,"Total-column proportion of rent to household expenditure by county; a rent-burden measure, not a synthetic cost-of-living index."
KEN-C011,Isiolo,IND-RENT-BURDEN,32.6,percent,2024-01-01,2024-12-31,2024,https://www.knbs.or.ke/wp-content/uploads/2025/05/2025-Economic-Survey.pdf,Table 20.5,523,"Total-column proportion of rent to household expenditure by county; a rent-burden measure, not a synthetic cost-of-living index."
KEN-C012,Meru,IND-RENT-BURDEN,31.8,percent,2024-01-01,2024-12-31,2024,https://www.knbs.or.ke/wp-content/uploads/2025/05/2025-Economic-Survey.pdf,Table 20.5,523,"Total-column proportion of rent to household expenditure by county; a rent-burden measure, not a synthetic cost-of-living index."
KEN-C013,Tharaka-Nithi,IND-RENT-BURDEN,35.5,percent,2024-01-01,2024-12-31,2024,https://www.knbs.or.ke/wp-content/uploads/2025/05/2025-Economic-Survey.pdf,Table 20.5,523,"Total-column proportion of rent to household expenditure by county; a rent-burden measure, not a synthetic cost-of-living index."
KEN-C014,Embu,IND-RENT-BURDEN,35.8,percent,2024-01-01,2024-12-31,2024,https://www.knbs.or.ke/wp-content/uploads/2025/05/2025-Economic-Survey.pdf,Table 20.5,523,"Total-column proportion of rent to household expenditure by county; a rent-burden measure, not a synthetic cost-of-living index."
KEN-C015,Kitui,IND-RENT-BURDEN,33.8,percent,2024-01-01,2024-12-31,2024,https://www.knbs.or.ke/wp-content/uploads/2025/05/2025-Economic-Survey.pdf,Table 20.5,523,"Total-column proportion of rent to household expenditure by county; a rent-burden measure, not a synthetic cost-of-living index."
KEN-C016,Machakos,IND-RENT-BURDEN,34.6,percent,2024-01-01,2024-12-31,2024,https://www.knbs.or.ke/wp-content/uploads/2025/05/2025-Economic-Survey.pdf,Table 20.5,523,"Total-column proportion of rent to household expenditure by county; a rent-burden measure, not a synthetic cost-of-living index."
KEN-C017,Makueni,IND-RENT-BURDEN,27.1,percent,2024-01-01,2024-12-31,2024,https://www.knbs.or.ke/wp-content/uploads/2025/05/2025-Economic-Survey.pdf,Table 20.5,523,"Total-column proportion of rent to household expenditure by county; a rent-burden measure, not a synthetic cost-of-living index."
KEN-C018,Nyandarua,IND-RENT-BURDEN,46.8,percent,2024-01-01,2024-12-31,2024,https://www.knbs.or.ke/wp-content/uploads/2025/05/2025-Economic-Survey.pdf,Table 20.5,523,"Total-column proportion of rent to household expenditure by county; a rent-burden measure, not a synthetic cost-of-living index."
KEN-C019,Nyeri,IND-RENT-BURDEN,38.2,percent,2024-01-01,2024-12-31,2024,https://www.knbs.or.ke/wp-content/uploads/2025/05/2025-Economic-Survey.pdf,Table 20.5,523,"Total-column proportion of rent to household expenditure by county; a rent-burden measure, not a synthetic cost-of-living index."
KEN-C020,Kirinyaga,IND-RENT-BURDEN,29.2,percent,2024-01-01,2024-12-31,2024,https://www.knbs.or.ke/wp-content/uploads/2025/05/2025-Economic-Survey.pdf,Table 20.5,523,"Total-column proportion of rent to household expenditure by county; a rent-burden measure, not a synthetic cost-of-living index."
KEN-C021,Murang'a,IND-RENT-BURDEN,39.8,percent,2024-01-01,2024-12-31,2024,https://www.knbs.or.ke/wp-content/uploads/2025/05/2025-Economic-Survey.pdf,Table 20.5,523,"Total-column proportion of rent to household expenditure by county; a rent-burden measure, not a synthetic cost-of-living index."
KEN-C022,Kiambu,IND-RENT-BURDEN,34.9,percent,2024-01-01,2024-12-31,2024,https://www.knbs.or.ke/wp-content/uploads/2025/05/2025-Economic-Survey.pdf,Table 20.5,523,"Total-column proportion of rent to household expenditure by county; a rent-burden measure, not a synthetic cost-of-living index."
KEN-C023,Turkana,IND-RENT-BURDEN,27.7,percent,2024-01-01,2024-12-31,2024,https://www.knbs.or.ke/wp-content/uploads/2025/05/2025-Economic-Survey.pdf,Table 20.5,523,"Total-column proportion of rent to household expenditure by county; a rent-burden measure, not a synthetic cost-of-living index."
KEN-C024,West Pokot,IND-RENT-BURDEN,46.9,percent,2024-01-01,2024-12-31,2024,https://www.knbs.or.ke/wp-content/uploads/2025/05/2025-Economic-Survey.pdf,Table 20.5,523,"Total-column proportion of rent to household expenditure by county; a rent-burden measure, not a synthetic cost-of-living index."
KEN-C025,Samburu,IND-RENT-BURDEN,34.1,percent,2024-01-01,2024-12-31,2024,https://www.knbs.or.ke/wp-content/uploads/2025/05/2025-Economic-Survey.pdf,Table 20.5,523,"Total-column proportion of rent to household expenditure by county; a rent-burden measure, not a synthetic cost-of-living index."
KEN-C026,Trans Nzoia,IND-RENT-BURDEN,43.7,percent,2024-01-01,2024-12-31,2024,https://www.knbs.or.ke/wp-content/uploads/2025/05/2025-Economic-Survey.pdf,Table 20.5,523,"Total-column proportion of rent to household expenditure by county; a rent-burden measure, not a synthetic cost-of-living index."
KEN-C027,Uasin Gishu,IND-RENT-BURDEN,38.5,percent,2024-01-01,2024-12-31,2024,https://www.knbs.or.ke/wp-content/uploads/2025/05/2025-Economic-Survey.pdf,Table 20.5,523,"Total-column proportion of rent to household expenditure by county; a rent-burden measure, not a synthetic cost-of-living index."
KEN-C028,Elgeyo-Marakwet,IND-RENT-BURDEN,29.4,percent,2024-01-01,2024-12-31,2024,https://www.knbs.or.ke/wp-content/uploads/2025/05/2025-Economic-Survey.pdf,Table 20.5,523,"Total-column proportion of rent to household expenditure by county; a rent-burden measure, not a synthetic cost-of-living index."
KEN-C029,Nandi,IND-RENT-BURDEN,36.5,percent,2024-01-01,2024-12-31,2024,https://www.knbs.or.ke/wp-content/uploads/2025/05/2025-Economic-Survey.pdf,Table 20.5,523,"Total-column proportion of rent to household expenditure by county; a rent-burden measure, not a synthetic cost-of-living index."
KEN-C030,Baringo,IND-RENT-BURDEN,25.8,percent,2024-01-01,2024-12-31,2024,https://www.knbs.or.ke/wp-content/uploads/2025/05/2025-Economic-Survey.pdf,Table 20.5,523,"Total-column proportion of rent to household expenditure by county; a rent-burden measure, not a synthetic cost-of-living index."
KEN-C031,Laikipia,IND-RENT-BURDEN,33.8,percent,2024-01-01,2024-12-31,2024,https://www.knbs.or.ke/wp-content/uploads/2025/05/2025-Economic-Survey.pdf,Table 20.5,523,"Total-column proportion of rent to household expenditure by county; a rent-burden measure, not a synthetic cost-of-living index."
KEN-C032,Nakuru,IND-RENT-BURDEN,33.3,percent,2024-01-01,2024-12-31,2024,https://www.knbs.or.ke/wp-content/uploads/2025/05/2025-Economic-Survey.pdf,Table 20.5,523,"Total-column proportion of rent to household expenditure by county; a rent-burden measure, not a synthetic cost-of-living index."
KEN-C033,Narok,IND-RENT-BURDEN,43.2,percent,2024-01-01,2024-12-31,2024,https://www.knbs.or.ke/wp-content/uploads/2025/05/2025-Economic-Survey.pdf,Table 20.5,523,"Total-column proportion of rent to household expenditure by county; a rent-burden measure, not a synthetic cost-of-living index."
KEN-C034,Kajiado,IND-RENT-BURDEN,64.7,percent,2024-01-01,2024-12-31,2024,https://www.knbs.or.ke/wp-content/uploads/2025/05/2025-Economic-Survey.pdf,Table 20.5,523,"Total-column proportion of rent to household expenditure by county; a rent-burden measure, not a synthetic cost-of-living index."
KEN-C035,Kericho,IND-RENT-BURDEN,53.2,percent,2024-01-01,2024-12-31,2024,https://www.knbs.or.ke/wp-content/uploads/2025/05/2025-Economic-Survey.pdf,Table 20.5,523,"Total-column proportion of rent to household expenditure by county; a rent-burden measure, not a synthetic cost-of-living index."
KEN-C036,Bomet,IND-RENT-BURDEN,33.6,percent,2024-01-01,2024-12-31,2024,https://www.knbs.or.ke/wp-content/uploads/2025/05/2025-Economic-Survey.pdf,Table 20.5,523,"Total-column proportion of rent to household expenditure by county; a rent-burden measure, not a synthetic cost-of-living index."
KEN-C037,Kakamega,IND-RENT-BURDEN,42.0,percent,2024-01-01,2024-12-31,2024,https://www.knbs.or.ke/wp-content/uploads/2025/05/2025-Economic-Survey.pdf,Table 20.5,523,"Total-column proportion of rent to household expenditure by county; a rent-burden measure, not a synthetic cost-of-living index."
KEN-C038,Vihiga,IND-RENT-BURDEN,33.4,percent,2024-01-01,2024-12-31,2024,https://www.knbs.or.ke/wp-content/uploads/2025/05/2025-Economic-Survey.pdf,Table 20.5,523,"Total-column proportion of rent to household expenditure by county; a rent-burden measure, not a synthetic cost-of-living index."
KEN-C039,Bungoma,IND-RENT-BURDEN,42.8,percent,2024-01-01,2024-12-31,2024,https://www.knbs.or.ke/wp-content/uploads/2025/05/2025-Economic-Survey.pdf,Table 20.5,523,"Total-column proportion of rent to household expenditure by county; a rent-burden measure, not a synthetic cost-of-living index."
KEN-C040,Busia,IND-RENT-BURDEN,35.4,percent,2024-01-01,2024-12-31,2024,https://www.knbs.or.ke/wp-content/uploads/2025/05/2025-Economic-Survey.pdf,Table 20.5,523,"Total-column proportion of rent to household expenditure by county; a rent-burden measure, not a synthetic cost-of-living index."
KEN-C041,Siaya,IND-RENT-BURDEN,34.4,percent,2024-01-01,2024-12-31,2024,https://www.knbs.or.ke/wp-content/uploads/2025/05/2025-Economic-Survey.pdf,Table 20.5,523,"Total-column proportion of rent to household expenditure by county; a rent-burden measure, not a synthetic cost-of-living index."
KEN-C042,Kisumu,IND-RENT-BURDEN,43.9,percent,2024-01-01,2024-12-31,2024,https://www.knbs.or.ke/wp-content/uploads/2025/05/2025-Economic-Survey.pdf,Table 20.5,523,"Total-column proportion of rent to household expenditure by county; a rent-burden measure, not a synthetic cost-of-living index."
KEN-C043,Homa Bay,IND-RENT-BURDEN,24.7,percent,2024-01-01,2024-12-31,2024,https://www.knbs.or.ke/wp-content/uploads/2025/05/2025-Economic-Survey.pdf,Table 20.5,523,"Total-column proportion of rent to household expenditure by county; a rent-burden measure, not a synthetic cost-of-living index."
KEN-C044,Migori,IND-RENT-BURDEN,24.5,percent,2024-01-01,2024-12-31,2024,https://www.knbs.or.ke/wp-content/uploads/2025/05/2025-Economic-Survey.pdf,Table 20.5,523,"Total-column proportion of rent to household expenditure by county; a rent-burden measure, not a synthetic cost-of-living index."
KEN-C045,Kisii,IND-RENT-BURDEN,54.6,percent,2024-01-01,2024-12-31,2024,https://www.knbs.or.ke/wp-content/uploads/2025/05/2025-Economic-Survey.pdf,Table 20.5,523,"Total-column proportion of rent to household expenditure by county; a rent-burden measure, not a synthetic cost-of-living index."
KEN-C046,Nyamira,IND-RENT-BURDEN,41.4,percent,2024-01-01,2024-12-31,2024,https://www.knbs.or.ke/wp-content/uploads/2025/05/2025-Economic-Survey.pdf,Table 20.5,523,"Total-column proportion of rent to household expenditure by county; a rent-burden measure, not a synthetic cost-of-living index."
KEN-C047,Nairobi City,IND-RENT-BURDEN,38.0,percent,2024-01-01,2024-12-31,2024,https://www.knbs.or.ke/wp-content/uploads/2025/05/2025-Economic-Survey.pdf,Table 20.5,523,"Total-column proportion of rent to household expenditure by county; a rent-burden measure, not a synthetic cost-of-living index."
KEN-C001,Mombasa,IND-HOUSING-OWNER-OCCUPIED,24.9,percent,2021-01-01,2021-12-31,2021 survey,https://www.knbs.or.ke/wp-content/uploads/2024/06/Kenya-Time-Use-Survey-Report-2021.pdf,Table 3.6b,,"Percentage of households that own their main dwelling unit; tenure status is not itself a measure of affordability or wellbeing."
KEN-C002,Kwale,IND-HOUSING-OWNER-OCCUPIED,78.4,percent,2021-01-01,2021-12-31,2021 survey,https://www.knbs.or.ke/wp-content/uploads/2024/06/Kenya-Time-Use-Survey-Report-2021.pdf,Table 3.6b,,"Percentage of households that own their main dwelling unit; tenure status is not itself a measure of affordability or wellbeing."
KEN-C003,Kilifi,IND-HOUSING-OWNER-OCCUPIED,73.8,percent,2021-01-01,2021-12-31,2021 survey,https://www.knbs.or.ke/wp-content/uploads/2024/06/Kenya-Time-Use-Survey-Report-2021.pdf,Table 3.6b,,"Percentage of households that own their main dwelling unit; tenure status is not itself a measure of affordability or wellbeing."
KEN-C004,Tana River,IND-HOUSING-OWNER-OCCUPIED,87.5,percent,2021-01-01,2021-12-31,2021 survey,https://www.knbs.or.ke/wp-content/uploads/2024/06/Kenya-Time-Use-Survey-Report-2021.pdf,Table 3.6b,,"Percentage of households that own their main dwelling unit; tenure status is not itself a measure of affordability or wellbeing."
KEN-C005,Lamu,IND-HOUSING-OWNER-OCCUPIED,68.6,percent,2021-01-01,2021-12-31,2021 survey,https://www.knbs.or.ke/wp-content/uploads/2024/06/Kenya-Time-Use-Survey-Report-2021.pdf,Table 3.6b,,"Percentage of households that own their main dwelling unit; tenure status is not itself a measure of affordability or wellbeing."
KEN-C006,Taita/Taveta,IND-HOUSING-OWNER-OCCUPIED,71.3,percent,2021-01-01,2021-12-31,2021 survey,https://www.knbs.or.ke/wp-content/uploads/2024/06/Kenya-Time-Use-Survey-Report-2021.pdf,Table 3.6b,,"Percentage of households that own their main dwelling unit; tenure status is not itself a measure of affordability or wellbeing."
KEN-C007,Garissa,IND-HOUSING-OWNER-OCCUPIED,88.8,percent,2021-01-01,2021-12-31,2021 survey,https://www.knbs.or.ke/wp-content/uploads/2024/06/Kenya-Time-Use-Survey-Report-2021.pdf,Table 3.6b,,"Percentage of households that own their main dwelling unit; tenure status is not itself a measure of affordability or wellbeing."
KEN-C008,Wajir,IND-HOUSING-OWNER-OCCUPIED,94.3,percent,2021-01-01,2021-12-31,2021 survey,https://www.knbs.or.ke/wp-content/uploads/2024/06/Kenya-Time-Use-Survey-Report-2021.pdf,Table 3.6b,,"Percentage of households that own their main dwelling unit; tenure status is not itself a measure of affordability or wellbeing."
KEN-C009,Mandera,IND-HOUSING-OWNER-OCCUPIED,95.6,percent,2021-01-01,2021-12-31,2021 survey,https://www.knbs.or.ke/wp-content/uploads/2024/06/Kenya-Time-Use-Survey-Report-2021.pdf,Table 3.6b,,"Percentage of households that own their main dwelling unit; tenure status is not itself a measure of affordability or wellbeing."
KEN-C010,Marsabit,IND-HOUSING-OWNER-OCCUPIED,90.6,percent,2021-01-01,2021-12-31,2021 survey,https://www.knbs.or.ke/wp-content/uploads/2024/06/Kenya-Time-Use-Survey-Report-2021.pdf,Table 3.6b,,"Percentage of households that own their main dwelling unit; tenure status is not itself a measure of affordability or wellbeing."
KEN-C011,Isiolo,IND-HOUSING-OWNER-OCCUPIED,75.1,percent,2021-01-01,2021-12-31,2021 survey,https://www.knbs.or.ke/wp-content/uploads/2024/06/Kenya-Time-Use-Survey-Report-2021.pdf,Table 3.6b,,"Percentage of households that own their main dwelling unit; tenure status is not itself a measure of affordability or wellbeing."
KEN-C012,Meru,IND-HOUSING-OWNER-OCCUPIED,75.7,percent,2021-01-01,2021-12-31,2021 survey,https://www.knbs.or.ke/wp-content/uploads/2024/06/Kenya-Time-Use-Survey-Report-2021.pdf,Table 3.6b,,"Percentage of households that own their main dwelling unit; tenure status is not itself a measure of affordability or wellbeing."
KEN-C013,Tharaka-Nithi,IND-HOUSING-OWNER-OCCUPIED,86.7,percent,2021-01-01,2021-12-31,2021 survey,https://www.knbs.or.ke/wp-content/uploads/2024/06/Kenya-Time-Use-Survey-Report-2021.pdf,Table 3.6b,,"Percentage of households that own their main dwelling unit; tenure status is not itself a measure of affordability or wellbeing."
KEN-C014,Embu,IND-HOUSING-OWNER-OCCUPIED,77.4,percent,2021-01-01,2021-12-31,2021 survey,https://www.knbs.or.ke/wp-content/uploads/2024/06/Kenya-Time-Use-Survey-Report-2021.pdf,Table 3.6b,,"Percentage of households that own their main dwelling unit; tenure status is not itself a measure of affordability or wellbeing."
KEN-C015,Kitui,IND-HOUSING-OWNER-OCCUPIED,75.5,percent,2021-01-01,2021-12-31,2021 survey,https://www.knbs.or.ke/wp-content/uploads/2024/06/Kenya-Time-Use-Survey-Report-2021.pdf,Table 3.6b,,"Percentage of households that own their main dwelling unit; tenure status is not itself a measure of affordability or wellbeing."
KEN-C016,Machakos,IND-HOUSING-OWNER-OCCUPIED,70.1,percent,2021-01-01,2021-12-31,2021 survey,https://www.knbs.or.ke/wp-content/uploads/2024/06/Kenya-Time-Use-Survey-Report-2021.pdf,Table 3.6b,,"Percentage of households that own their main dwelling unit; tenure status is not itself a measure of affordability or wellbeing."
KEN-C017,Makueni,IND-HOUSING-OWNER-OCCUPIED,86.3,percent,2021-01-01,2021-12-31,2021 survey,https://www.knbs.or.ke/wp-content/uploads/2024/06/Kenya-Time-Use-Survey-Report-2021.pdf,Table 3.6b,,"Percentage of households that own their main dwelling unit; tenure status is not itself a measure of affordability or wellbeing."
KEN-C018,Nyandarua,IND-HOUSING-OWNER-OCCUPIED,69.8,percent,2021-01-01,2021-12-31,2021 survey,https://www.knbs.or.ke/wp-content/uploads/2024/06/Kenya-Time-Use-Survey-Report-2021.pdf,Table 3.6b,,"Percentage of households that own their main dwelling unit; tenure status is not itself a measure of affordability or wellbeing."
KEN-C019,Nyeri,IND-HOUSING-OWNER-OCCUPIED,68.3,percent,2021-01-01,2021-12-31,2021 survey,https://www.knbs.or.ke/wp-content/uploads/2024/06/Kenya-Time-Use-Survey-Report-2021.pdf,Table 3.6b,,"Percentage of households that own their main dwelling unit; tenure status is not itself a measure of affordability or wellbeing."
KEN-C020,Kirinyaga,IND-HOUSING-OWNER-OCCUPIED,75.5,percent,2021-01-01,2021-12-31,2021 survey,https://www.knbs.or.ke/wp-content/uploads/2024/06/Kenya-Time-Use-Survey-Report-2021.pdf,Table 3.6b,,"Percentage of households that own their main dwelling unit; tenure status is not itself a measure of affordability or wellbeing."
KEN-C021,Murang'a,IND-HOUSING-OWNER-OCCUPIED,79.3,percent,2021-01-01,2021-12-31,2021 survey,https://www.knbs.or.ke/wp-content/uploads/2024/06/Kenya-Time-Use-Survey-Report-2021.pdf,Table 3.6b,,"Percentage of households that own their main dwelling unit; tenure status is not itself a measure of affordability or wellbeing."
KEN-C022,Kiambu,IND-HOUSING-OWNER-OCCUPIED,42.8,percent,2021-01-01,2021-12-31,2021 survey,https://www.knbs.or.ke/wp-content/uploads/2024/06/Kenya-Time-Use-Survey-Report-2021.pdf,Table 3.6b,,"Percentage of households that own their main dwelling unit; tenure status is not itself a measure of affordability or wellbeing."
KEN-C023,Turkana,IND-HOUSING-OWNER-OCCUPIED,93.0,percent,2021-01-01,2021-12-31,2021 survey,https://www.knbs.or.ke/wp-content/uploads/2024/06/Kenya-Time-Use-Survey-Report-2021.pdf,Table 3.6b,,"Percentage of households that own their main dwelling unit; tenure status is not itself a measure of affordability or wellbeing."
KEN-C024,West Pokot,IND-HOUSING-OWNER-OCCUPIED,92.9,percent,2021-01-01,2021-12-31,2021 survey,https://www.knbs.or.ke/wp-content/uploads/2024/06/Kenya-Time-Use-Survey-Report-2021.pdf,Table 3.6b,,"Percentage of households that own their main dwelling unit; tenure status is not itself a measure of affordability or wellbeing."
KEN-C025,Samburu,IND-HOUSING-OWNER-OCCUPIED,86.3,percent,2021-01-01,2021-12-31,2021 survey,https://www.knbs.or.ke/wp-content/uploads/2024/06/Kenya-Time-Use-Survey-Report-2021.pdf,Table 3.6b,,"Percentage of households that own their main dwelling unit; tenure status is not itself a measure of affordability or wellbeing."
KEN-C026,Trans Nzoia,IND-HOUSING-OWNER-OCCUPIED,71.0,percent,2021-01-01,2021-12-31,2021 survey,https://www.knbs.or.ke/wp-content/uploads/2024/06/Kenya-Time-Use-Survey-Report-2021.pdf,Table 3.6b,,"Percentage of households that own their main dwelling unit; tenure status is not itself a measure of affordability or wellbeing."
KEN-C027,Uasin Gishu,IND-HOUSING-OWNER-OCCUPIED,55.8,percent,2021-01-01,2021-12-31,2021 survey,https://www.knbs.or.ke/wp-content/uploads/2024/06/Kenya-Time-Use-Survey-Report-2021.pdf,Table 3.6b,,"Percentage of households that own their main dwelling unit; tenure status is not itself a measure of affordability or wellbeing."
KEN-C028,Elgeyo-Marakwet,IND-HOUSING-OWNER-OCCUPIED,82.8,percent,2021-01-01,2021-12-31,2021 survey,https://www.knbs.or.ke/wp-content/uploads/2024/06/Kenya-Time-Use-Survey-Report-2021.pdf,Table 3.6b,,"Percentage of households that own their main dwelling unit; tenure status is not itself a measure of affordability or wellbeing."
KEN-C029,Nandi,IND-HOUSING-OWNER-OCCUPIED,83.5,percent,2021-01-01,2021-12-31,2021 survey,https://www.knbs.or.ke/wp-content/uploads/2024/06/Kenya-Time-Use-Survey-Report-2021.pdf,Table 3.6b,,"Percentage of households that own their main dwelling unit; tenure status is not itself a measure of affordability or wellbeing."
KEN-C030,Baringo,IND-HOUSING-OWNER-OCCUPIED,84.2,percent,2021-01-01,2021-12-31,2021 survey,https://www.knbs.or.ke/wp-content/uploads/2024/06/Kenya-Time-Use-Survey-Report-2021.pdf,Table 3.6b,,"Percentage of households that own their main dwelling unit; tenure status is not itself a measure of affordability or wellbeing."
KEN-C031,Laikipia,IND-HOUSING-OWNER-OCCUPIED,66.1,percent,2021-01-01,2021-12-31,2021 survey,https://www.knbs.or.ke/wp-content/uploads/2024/06/Kenya-Time-Use-Survey-Report-2021.pdf,Table 3.6b,,"Percentage of households that own their main dwelling unit; tenure status is not itself a measure of affordability or wellbeing."
KEN-C032,Nakuru,IND-HOUSING-OWNER-OCCUPIED,51.7,percent,2021-01-01,2021-12-31,2021 survey,https://www.knbs.or.ke/wp-content/uploads/2024/06/Kenya-Time-Use-Survey-Report-2021.pdf,Table 3.6b,,"Percentage of households that own their main dwelling unit; tenure status is not itself a measure of affordability or wellbeing."
KEN-C033,Narok,IND-HOUSING-OWNER-OCCUPIED,77.3,percent,2021-01-01,2021-12-31,2021 survey,https://www.knbs.or.ke/wp-content/uploads/2024/06/Kenya-Time-Use-Survey-Report-2021.pdf,Table 3.6b,,"Percentage of households that own their main dwelling unit; tenure status is not itself a measure of affordability or wellbeing."
KEN-C034,Kajiado,IND-HOUSING-OWNER-OCCUPIED,41.3,percent,2021-01-01,2021-12-31,2021 survey,https://www.knbs.or.ke/wp-content/uploads/2024/06/Kenya-Time-Use-Survey-Report-2021.pdf,Table 3.6b,,"Percentage of households that own their main dwelling unit; tenure status is not itself a measure of affordability or wellbeing."
KEN-C035,Kericho,IND-HOUSING-OWNER-OCCUPIED,80.8,percent,2021-01-01,2021-12-31,2021 survey,https://www.knbs.or.ke/wp-content/uploads/2024/06/Kenya-Time-Use-Survey-Report-2021.pdf,Table 3.6b,,"Percentage of households that own their main dwelling unit; tenure status is not itself a measure of affordability or wellbeing."
KEN-C036,Bomet,IND-HOUSING-OWNER-OCCUPIED,91.6,percent,2021-01-01,2021-12-31,2021 survey,https://www.knbs.or.ke/wp-content/uploads/2024/06/Kenya-Time-Use-Survey-Report-2021.pdf,Table 3.6b,,"Percentage of households that own their main dwelling unit; tenure status is not itself a measure of affordability or wellbeing."
KEN-C037,Kakamega,IND-HOUSING-OWNER-OCCUPIED,89.6,percent,2021-01-01,2021-12-31,2021 survey,https://www.knbs.or.ke/wp-content/uploads/2024/06/Kenya-Time-Use-Survey-Report-2021.pdf,Table 3.6b,,"Percentage of households that own their main dwelling unit; tenure status is not itself a measure of affordability or wellbeing."
KEN-C038,Vihiga,IND-HOUSING-OWNER-OCCUPIED,93.0,percent,2021-01-01,2021-12-31,2021 survey,https://www.knbs.or.ke/wp-content/uploads/2024/06/Kenya-Time-Use-Survey-Report-2021.pdf,Table 3.6b,,"Percentage of households that own their main dwelling unit; tenure status is not itself a measure of affordability or wellbeing."
KEN-C039,Bungoma,IND-HOUSING-OWNER-OCCUPIED,82.6,percent,2021-01-01,2021-12-31,2021 survey,https://www.knbs.or.ke/wp-content/uploads/2024/06/Kenya-Time-Use-Survey-Report-2021.pdf,Table 3.6b,,"Percentage of households that own their main dwelling unit; tenure status is not itself a measure of affordability or wellbeing."
KEN-C040,Busia,IND-HOUSING-OWNER-OCCUPIED,86.3,percent,2021-01-01,2021-12-31,2021 survey,https://www.knbs.or.ke/wp-content/uploads/2024/06/Kenya-Time-Use-Survey-Report-2021.pdf,Table 3.6b,,"Percentage of households that own their main dwelling unit; tenure status is not itself a measure of affordability or wellbeing."
KEN-C041,Siaya,IND-HOUSING-OWNER-OCCUPIED,90.0,percent,2021-01-01,2021-12-31,2021 survey,https://www.knbs.or.ke/wp-content/uploads/2024/06/Kenya-Time-Use-Survey-Report-2021.pdf,Table 3.6b,,"Percentage of households that own their main dwelling unit; tenure status is not itself a measure of affordability or wellbeing."
KEN-C042,Kisumu,IND-HOUSING-OWNER-OCCUPIED,61.4,percent,2021-01-01,2021-12-31,2021 survey,https://www.knbs.or.ke/wp-content/uploads/2024/06/Kenya-Time-Use-Survey-Report-2021.pdf,Table 3.6b,,"Percentage of households that own their main dwelling unit; tenure status is not itself a measure of affordability or wellbeing."
KEN-C043,Homa Bay,IND-HOUSING-OWNER-OCCUPIED,84.2,percent,2021-01-01,2021-12-31,2021 survey,https://www.knbs.or.ke/wp-content/uploads/2024/06/Kenya-Time-Use-Survey-Report-2021.pdf,Table 3.6b,,"Percentage of households that own their main dwelling unit; tenure status is not itself a measure of affordability or wellbeing."
KEN-C044,Migori,IND-HOUSING-OWNER-OCCUPIED,84.3,percent,2021-01-01,2021-12-31,2021 survey,https://www.knbs.or.ke/wp-content/uploads/2024/06/Kenya-Time-Use-Survey-Report-2021.pdf,Table 3.6b,,"Percentage of households that own their main dwelling unit; tenure status is not itself a measure of affordability or wellbeing."
KEN-C045,Kisii,IND-HOUSING-OWNER-OCCUPIED,84.1,percent,2021-01-01,2021-12-31,2021 survey,https://www.knbs.or.ke/wp-content/uploads/2024/06/Kenya-Time-Use-Survey-Report-2021.pdf,Table 3.6b,,"Percentage of households that own their main dwelling unit; tenure status is not itself a measure of affordability or wellbeing."
KEN-C046,Nyamira,IND-HOUSING-OWNER-OCCUPIED,85.0,percent,2021-01-01,2021-12-31,2021 survey,https://www.knbs.or.ke/wp-content/uploads/2024/06/Kenya-Time-Use-Survey-Report-2021.pdf,Table 3.6b,,"Percentage of households that own their main dwelling unit; tenure status is not itself a measure of affordability or wellbeing."
KEN-C047,Nairobi City,IND-HOUSING-OWNER-OCCUPIED,11.6,percent,2021-01-01,2021-12-31,2021 survey,https://www.knbs.or.ke/wp-content/uploads/2024/06/Kenya-Time-Use-Survey-Report-2021.pdf,Table 3.6b,,"Percentage of households that own their main dwelling unit; tenure status is not itself a measure of affordability or wellbeing."
KEN-C001,Mombasa,IND-HEALTH-FACILITY-STOCK,378,count,2023-08-01,2023-08-01,KMHFL as of 1 Aug 2023,https://repository.familyhealth.go.ke/xmlui/bitstream/handle/123456789/192/Kenya%20Health%20Facility%20Census%20Report%20September%202023.pdf?isAllowed=y&sequence=1,Table 2,,"Facilities targeted by the Kenya Health Facility Census from the KMHFL list as at 1 August 2023; facility stock/supply indicator, not travel-time access."
KEN-C002,Kwale,IND-HEALTH-FACILITY-STOCK,232,count,2023-08-01,2023-08-01,KMHFL as of 1 Aug 2023,https://repository.familyhealth.go.ke/xmlui/bitstream/handle/123456789/192/Kenya%20Health%20Facility%20Census%20Report%20September%202023.pdf?isAllowed=y&sequence=1,Table 2,,"Facilities targeted by the Kenya Health Facility Census from the KMHFL list as at 1 August 2023; facility stock/supply indicator, not travel-time access."
KEN-C003,Kilifi,IND-HEALTH-FACILITY-STOCK,394,count,2023-08-01,2023-08-01,KMHFL as of 1 Aug 2023,https://repository.familyhealth.go.ke/xmlui/bitstream/handle/123456789/192/Kenya%20Health%20Facility%20Census%20Report%20September%202023.pdf?isAllowed=y&sequence=1,Table 2,,"Facilities targeted by the Kenya Health Facility Census from the KMHFL list as at 1 August 2023; facility stock/supply indicator, not travel-time access."
KEN-C004,Tana River,IND-HEALTH-FACILITY-STOCK,96,count,2023-08-01,2023-08-01,KMHFL as of 1 Aug 2023,https://repository.familyhealth.go.ke/xmlui/bitstream/handle/123456789/192/Kenya%20Health%20Facility%20Census%20Report%20September%202023.pdf?isAllowed=y&sequence=1,Table 2,,"Facilities targeted by the Kenya Health Facility Census from the KMHFL list as at 1 August 2023; facility stock/supply indicator, not travel-time access."
KEN-C005,Lamu,IND-HEALTH-FACILITY-STOCK,71,count,2023-08-01,2023-08-01,KMHFL as of 1 Aug 2023,https://repository.familyhealth.go.ke/xmlui/bitstream/handle/123456789/192/Kenya%20Health%20Facility%20Census%20Report%20September%202023.pdf?isAllowed=y&sequence=1,Table 2,,"Facilities targeted by the Kenya Health Facility Census from the KMHFL list as at 1 August 2023; facility stock/supply indicator, not travel-time access."
KEN-C006,Taita/Taveta,IND-HEALTH-FACILITY-STOCK,136,count,2023-08-01,2023-08-01,KMHFL as of 1 Aug 2023,https://repository.familyhealth.go.ke/xmlui/bitstream/handle/123456789/192/Kenya%20Health%20Facility%20Census%20Report%20September%202023.pdf?isAllowed=y&sequence=1,Table 2,,"Facilities targeted by the Kenya Health Facility Census from the KMHFL list as at 1 August 2023; facility stock/supply indicator, not travel-time access."
KEN-C007,Garissa,IND-HEALTH-FACILITY-STOCK,206,count,2023-08-01,2023-08-01,KMHFL as of 1 Aug 2023,https://repository.familyhealth.go.ke/xmlui/bitstream/handle/123456789/192/Kenya%20Health%20Facility%20Census%20Report%20September%202023.pdf?isAllowed=y&sequence=1,Table 2,,"Facilities targeted by the Kenya Health Facility Census from the KMHFL list as at 1 August 2023; facility stock/supply indicator, not travel-time access."
KEN-C008,Wajir,IND-HEALTH-FACILITY-STOCK,175,count,2023-08-01,2023-08-01,KMHFL as of 1 Aug 2023,https://repository.familyhealth.go.ke/xmlui/bitstream/handle/123456789/192/Kenya%20Health%20Facility%20Census%20Report%20September%202023.pdf?isAllowed=y&sequence=1,Table 2,,"Facilities targeted by the Kenya Health Facility Census from the KMHFL list as at 1 August 2023; facility stock/supply indicator, not travel-time access."
KEN-C009,Mandera,IND-HEALTH-FACILITY-STOCK,216,count,2023-08-01,2023-08-01,KMHFL as of 1 Aug 2023,https://repository.familyhealth.go.ke/xmlui/bitstream/handle/123456789/192/Kenya%20Health%20Facility%20Census%20Report%20September%202023.pdf?isAllowed=y&sequence=1,Table 2,,"Facilities targeted by the Kenya Health Facility Census from the KMHFL list as at 1 August 2023; facility stock/supply indicator, not travel-time access."
KEN-C010,Marsabit,IND-HEALTH-FACILITY-STOCK,147,count,2023-08-01,2023-08-01,KMHFL as of 1 Aug 2023,https://repository.familyhealth.go.ke/xmlui/bitstream/handle/123456789/192/Kenya%20Health%20Facility%20Census%20Report%20September%202023.pdf?isAllowed=y&sequence=1,Table 2,,"Facilities targeted by the Kenya Health Facility Census from the KMHFL list as at 1 August 2023; facility stock/supply indicator, not travel-time access."
KEN-C011,Isiolo,IND-HEALTH-FACILITY-STOCK,82,count,2023-08-01,2023-08-01,KMHFL as of 1 Aug 2023,https://repository.familyhealth.go.ke/xmlui/bitstream/handle/123456789/192/Kenya%20Health%20Facility%20Census%20Report%20September%202023.pdf?isAllowed=y&sequence=1,Table 2,,"Facilities targeted by the Kenya Health Facility Census from the KMHFL list as at 1 August 2023; facility stock/supply indicator, not travel-time access."
KEN-C012,Meru,IND-HEALTH-FACILITY-STOCK,591,count,2023-08-01,2023-08-01,KMHFL as of 1 Aug 2023,https://repository.familyhealth.go.ke/xmlui/bitstream/handle/123456789/192/Kenya%20Health%20Facility%20Census%20Report%20September%202023.pdf?isAllowed=y&sequence=1,Table 2,,"Facilities targeted by the Kenya Health Facility Census from the KMHFL list as at 1 August 2023; facility stock/supply indicator, not travel-time access."
KEN-C013,Tharaka-Nithi,IND-HEALTH-FACILITY-STOCK,202,count,2023-08-01,2023-08-01,KMHFL as of 1 Aug 2023,https://repository.familyhealth.go.ke/xmlui/bitstream/handle/123456789/192/Kenya%20Health%20Facility%20Census%20Report%20September%202023.pdf?isAllowed=y&sequence=1,Table 2,,"Facilities targeted by the Kenya Health Facility Census from the KMHFL list as at 1 August 2023; facility stock/supply indicator, not travel-time access."
KEN-C014,Embu,IND-HEALTH-FACILITY-STOCK,211,count,2023-08-01,2023-08-01,KMHFL as of 1 Aug 2023,https://repository.familyhealth.go.ke/xmlui/bitstream/handle/123456789/192/Kenya%20Health%20Facility%20Census%20Report%20September%202023.pdf?isAllowed=y&sequence=1,Table 2,,"Facilities targeted by the Kenya Health Facility Census from the KMHFL list as at 1 August 2023; facility stock/supply indicator, not travel-time access."
KEN-C015,Kitui,IND-HEALTH-FACILITY-STOCK,447,count,2023-08-01,2023-08-01,KMHFL as of 1 Aug 2023,https://repository.familyhealth.go.ke/xmlui/bitstream/handle/123456789/192/Kenya%20Health%20Facility%20Census%20Report%20September%202023.pdf?isAllowed=y&sequence=1,Table 2,,"Facilities targeted by the Kenya Health Facility Census from the KMHFL list as at 1 August 2023; facility stock/supply indicator, not travel-time access."
KEN-C016,Machakos,IND-HEALTH-FACILITY-STOCK,494,count,2023-08-01,2023-08-01,KMHFL as of 1 Aug 2023,https://repository.familyhealth.go.ke/xmlui/bitstream/handle/123456789/192/Kenya%20Health%20Facility%20Census%20Report%20September%202023.pdf?isAllowed=y&sequence=1,Table 2,,"Facilities targeted by the Kenya Health Facility Census from the KMHFL list as at 1 August 2023; facility stock/supply indicator, not travel-time access."
KEN-C017,Makueni,IND-HEALTH-FACILITY-STOCK,355,count,2023-08-01,2023-08-01,KMHFL as of 1 Aug 2023,https://repository.familyhealth.go.ke/xmlui/bitstream/handle/123456789/192/Kenya%20Health%20Facility%20Census%20Report%20September%202023.pdf?isAllowed=y&sequence=1,Table 2,,"Facilities targeted by the Kenya Health Facility Census from the KMHFL list as at 1 August 2023; facility stock/supply indicator, not travel-time access."
KEN-C018,Nyandarua,IND-HEALTH-FACILITY-STOCK,194,count,2023-08-01,2023-08-01,KMHFL as of 1 Aug 2023,https://repository.familyhealth.go.ke/xmlui/bitstream/handle/123456789/192/Kenya%20Health%20Facility%20Census%20Report%20September%202023.pdf?isAllowed=y&sequence=1,Table 2,,"Facilities targeted by the Kenya Health Facility Census from the KMHFL list as at 1 August 2023; facility stock/supply indicator, not travel-time access."
KEN-C019,Nyeri,IND-HEALTH-FACILITY-STOCK,452,count,2023-08-01,2023-08-01,KMHFL as of 1 Aug 2023,https://repository.familyhealth.go.ke/xmlui/bitstream/handle/123456789/192/Kenya%20Health%20Facility%20Census%20Report%20September%202023.pdf?isAllowed=y&sequence=1,Table 2,,"Facilities targeted by the Kenya Health Facility Census from the KMHFL list as at 1 August 2023; facility stock/supply indicator, not travel-time access."
KEN-C020,Kirinyaga,IND-HEALTH-FACILITY-STOCK,230,count,2023-08-01,2023-08-01,KMHFL as of 1 Aug 2023,https://repository.familyhealth.go.ke/xmlui/bitstream/handle/123456789/192/Kenya%20Health%20Facility%20Census%20Report%20September%202023.pdf?isAllowed=y&sequence=1,Table 2,,"Facilities targeted by the Kenya Health Facility Census from the KMHFL list as at 1 August 2023; facility stock/supply indicator, not travel-time access."
KEN-C021,Murang'a,IND-HEALTH-FACILITY-STOCK,387,count,2023-08-01,2023-08-01,KMHFL as of 1 Aug 2023,https://repository.familyhealth.go.ke/xmlui/bitstream/handle/123456789/192/Kenya%20Health%20Facility%20Census%20Report%20September%202023.pdf?isAllowed=y&sequence=1,Table 2,,"Facilities targeted by the Kenya Health Facility Census from the KMHFL list as at 1 August 2023; facility stock/supply indicator, not travel-time access."
KEN-C022,Kiambu,IND-HEALTH-FACILITY-STOCK,748,count,2023-08-01,2023-08-01,KMHFL as of 1 Aug 2023,https://repository.familyhealth.go.ke/xmlui/bitstream/handle/123456789/192/Kenya%20Health%20Facility%20Census%20Report%20September%202023.pdf?isAllowed=y&sequence=1,Table 2,,"Facilities targeted by the Kenya Health Facility Census from the KMHFL list as at 1 August 2023; facility stock/supply indicator, not travel-time access."
KEN-C023,Turkana,IND-HEALTH-FACILITY-STOCK,283,count,2023-08-01,2023-08-01,KMHFL as of 1 Aug 2023,https://repository.familyhealth.go.ke/xmlui/bitstream/handle/123456789/192/Kenya%20Health%20Facility%20Census%20Report%20September%202023.pdf?isAllowed=y&sequence=1,Table 2,,"Facilities targeted by the Kenya Health Facility Census from the KMHFL list as at 1 August 2023; facility stock/supply indicator, not travel-time access."
KEN-C024,West Pokot,IND-HEALTH-FACILITY-STOCK,179,count,2023-08-01,2023-08-01,KMHFL as of 1 Aug 2023,https://repository.familyhealth.go.ke/xmlui/bitstream/handle/123456789/192/Kenya%20Health%20Facility%20Census%20Report%20September%202023.pdf?isAllowed=y&sequence=1,Table 2,,"Facilities targeted by the Kenya Health Facility Census from the KMHFL list as at 1 August 2023; facility stock/supply indicator, not travel-time access."
KEN-C025,Samburu,IND-HEALTH-FACILITY-STOCK,142,count,2023-08-01,2023-08-01,KMHFL as of 1 Aug 2023,https://repository.familyhealth.go.ke/xmlui/bitstream/handle/123456789/192/Kenya%20Health%20Facility%20Census%20Report%20September%202023.pdf?isAllowed=y&sequence=1,Table 2,,"Facilities targeted by the Kenya Health Facility Census from the KMHFL list as at 1 August 2023; facility stock/supply indicator, not travel-time access."
KEN-C026,Trans Nzoia,IND-HEALTH-FACILITY-STOCK,195,count,2023-08-01,2023-08-01,KMHFL as of 1 Aug 2023,https://repository.familyhealth.go.ke/xmlui/bitstream/handle/123456789/192/Kenya%20Health%20Facility%20Census%20Report%20September%202023.pdf?isAllowed=y&sequence=1,Table 2,,"Facilities targeted by the Kenya Health Facility Census from the KMHFL list as at 1 August 2023; facility stock/supply indicator, not travel-time access."
KEN-C027,Uasin Gishu,IND-HEALTH-FACILITY-STOCK,283,count,2023-08-01,2023-08-01,KMHFL as of 1 Aug 2023,https://repository.familyhealth.go.ke/xmlui/bitstream/handle/123456789/192/Kenya%20Health%20Facility%20Census%20Report%20September%202023.pdf?isAllowed=y&sequence=1,Table 2,,"Facilities targeted by the Kenya Health Facility Census from the KMHFL list as at 1 August 2023; facility stock/supply indicator, not travel-time access."
KEN-C028,Elgeyo-Marakwet,IND-HEALTH-FACILITY-STOCK,147,count,2023-08-01,2023-08-01,KMHFL as of 1 Aug 2023,https://repository.familyhealth.go.ke/xmlui/bitstream/handle/123456789/192/Kenya%20Health%20Facility%20Census%20Report%20September%202023.pdf?isAllowed=y&sequence=1,Table 2,,"Facilities targeted by the Kenya Health Facility Census from the KMHFL list as at 1 August 2023; facility stock/supply indicator, not travel-time access."
KEN-C029,Nandi,IND-HEALTH-FACILITY-STOCK,256,count,2023-08-01,2023-08-01,KMHFL as of 1 Aug 2023,https://repository.familyhealth.go.ke/xmlui/bitstream/handle/123456789/192/Kenya%20Health%20Facility%20Census%20Report%20September%202023.pdf?isAllowed=y&sequence=1,Table 2,,"Facilities targeted by the Kenya Health Facility Census from the KMHFL list as at 1 August 2023; facility stock/supply indicator, not travel-time access."
KEN-C030,Baringo,IND-HEALTH-FACILITY-STOCK,296,count,2023-08-01,2023-08-01,KMHFL as of 1 Aug 2023,https://repository.familyhealth.go.ke/xmlui/bitstream/handle/123456789/192/Kenya%20Health%20Facility%20Census%20Report%20September%202023.pdf?isAllowed=y&sequence=1,Table 2,,"Facilities targeted by the Kenya Health Facility Census from the KMHFL list as at 1 August 2023; facility stock/supply indicator, not travel-time access."
KEN-C031,Laikipia,IND-HEALTH-FACILITY-STOCK,220,count,2023-08-01,2023-08-01,KMHFL as of 1 Aug 2023,https://repository.familyhealth.go.ke/xmlui/bitstream/handle/123456789/192/Kenya%20Health%20Facility%20Census%20Report%20September%202023.pdf?isAllowed=y&sequence=1,Table 2,,"Facilities targeted by the Kenya Health Facility Census from the KMHFL list as at 1 August 2023; facility stock/supply indicator, not travel-time access."
KEN-C032,Nakuru,IND-HEALTH-FACILITY-STOCK,645,count,2023-08-01,2023-08-01,KMHFL as of 1 Aug 2023,https://repository.familyhealth.go.ke/xmlui/bitstream/handle/123456789/192/Kenya%20Health%20Facility%20Census%20Report%20September%202023.pdf?isAllowed=y&sequence=1,Table 2,,"Facilities targeted by the Kenya Health Facility Census from the KMHFL list as at 1 August 2023; facility stock/supply indicator, not travel-time access."
KEN-C033,Narok,IND-HEALTH-FACILITY-STOCK,221,count,2023-08-01,2023-08-01,KMHFL as of 1 Aug 2023,https://repository.familyhealth.go.ke/xmlui/bitstream/handle/123456789/192/Kenya%20Health%20Facility%20Census%20Report%20September%202023.pdf?isAllowed=y&sequence=1,Table 2,,"Facilities targeted by the Kenya Health Facility Census from the KMHFL list as at 1 August 2023; facility stock/supply indicator, not travel-time access."
KEN-C034,Kajiado,IND-HEALTH-FACILITY-STOCK,352,count,2023-08-01,2023-08-01,KMHFL as of 1 Aug 2023,https://repository.familyhealth.go.ke/xmlui/bitstream/handle/123456789/192/Kenya%20Health%20Facility%20Census%20Report%20September%202023.pdf?isAllowed=y&sequence=1,Table 2,,"Facilities targeted by the Kenya Health Facility Census from the KMHFL list as at 1 August 2023; facility stock/supply indicator, not travel-time access."
KEN-C035,Kericho,IND-HEALTH-FACILITY-STOCK,286,count,2023-08-01,2023-08-01,KMHFL as of 1 Aug 2023,https://repository.familyhealth.go.ke/xmlui/bitstream/handle/123456789/192/Kenya%20Health%20Facility%20Census%20Report%20September%202023.pdf?isAllowed=y&sequence=1,Table 2,,"Facilities targeted by the Kenya Health Facility Census from the KMHFL list as at 1 August 2023; facility stock/supply indicator, not travel-time access."
KEN-C036,Bomet,IND-HEALTH-FACILITY-STOCK,206,count,2023-08-01,2023-08-01,KMHFL as of 1 Aug 2023,https://repository.familyhealth.go.ke/xmlui/bitstream/handle/123456789/192/Kenya%20Health%20Facility%20Census%20Report%20September%202023.pdf?isAllowed=y&sequence=1,Table 2,,"Facilities targeted by the Kenya Health Facility Census from the KMHFL list as at 1 August 2023; facility stock/supply indicator, not travel-time access."
KEN-C037,Kakamega,IND-HEALTH-FACILITY-STOCK,362,count,2023-08-01,2023-08-01,KMHFL as of 1 Aug 2023,https://repository.familyhealth.go.ke/xmlui/bitstream/handle/123456789/192/Kenya%20Health%20Facility%20Census%20Report%20September%202023.pdf?isAllowed=y&sequence=1,Table 2,,"Facilities targeted by the Kenya Health Facility Census from the KMHFL list as at 1 August 2023; facility stock/supply indicator, not travel-time access."
KEN-C038,Vihiga,IND-HEALTH-FACILITY-STOCK,155,count,2023-08-01,2023-08-01,KMHFL as of 1 Aug 2023,https://repository.familyhealth.go.ke/xmlui/bitstream/handle/123456789/192/Kenya%20Health%20Facility%20Census%20Report%20September%202023.pdf?isAllowed=y&sequence=1,Table 2,,"Facilities targeted by the Kenya Health Facility Census from the KMHFL list as at 1 August 2023; facility stock/supply indicator, not travel-time access."
KEN-C039,Bungoma,IND-HEALTH-FACILITY-STOCK,283,count,2023-08-01,2023-08-01,KMHFL as of 1 Aug 2023,https://repository.familyhealth.go.ke/xmlui/bitstream/handle/123456789/192/Kenya%20Health%20Facility%20Census%20Report%20September%202023.pdf?isAllowed=y&sequence=1,Table 2,,"Facilities targeted by the Kenya Health Facility Census from the KMHFL list as at 1 August 2023; facility stock/supply indicator, not travel-time access."
KEN-C040,Busia,IND-HEALTH-FACILITY-STOCK,188,count,2023-08-01,2023-08-01,KMHFL as of 1 Aug 2023,https://repository.familyhealth.go.ke/xmlui/bitstream/handle/123456789/192/Kenya%20Health%20Facility%20Census%20Report%20September%202023.pdf?isAllowed=y&sequence=1,Table 2,,"Facilities targeted by the Kenya Health Facility Census from the KMHFL list as at 1 August 2023; facility stock/supply indicator, not travel-time access."
KEN-C041,Siaya,IND-HEALTH-FACILITY-STOCK,293,count,2023-08-01,2023-08-01,KMHFL as of 1 Aug 2023,https://repository.familyhealth.go.ke/xmlui/bitstream/handle/123456789/192/Kenya%20Health%20Facility%20Census%20Report%20September%202023.pdf?isAllowed=y&sequence=1,Table 2,,"Facilities targeted by the Kenya Health Facility Census from the KMHFL list as at 1 August 2023; facility stock/supply indicator, not travel-time access."
KEN-C042,Kisumu,IND-HEALTH-FACILITY-STOCK,373,count,2023-08-01,2023-08-01,KMHFL as of 1 Aug 2023,https://repository.familyhealth.go.ke/xmlui/bitstream/handle/123456789/192/Kenya%20Health%20Facility%20Census%20Report%20September%202023.pdf?isAllowed=y&sequence=1,Table 2,,"Facilities targeted by the Kenya Health Facility Census from the KMHFL list as at 1 August 2023; facility stock/supply indicator, not travel-time access."
KEN-C043,Homa Bay,IND-HEALTH-FACILITY-STOCK,406,count,2023-08-01,2023-08-01,KMHFL as of 1 Aug 2023,https://repository.familyhealth.go.ke/xmlui/bitstream/handle/123456789/192/Kenya%20Health%20Facility%20Census%20Report%20September%202023.pdf?isAllowed=y&sequence=1,Table 2,,"Facilities targeted by the Kenya Health Facility Census from the KMHFL list as at 1 August 2023; facility stock/supply indicator, not travel-time access."
KEN-C044,Migori,IND-HEALTH-FACILITY-STOCK,334,count,2023-08-01,2023-08-01,KMHFL as of 1 Aug 2023,https://repository.familyhealth.go.ke/xmlui/bitstream/handle/123456789/192/Kenya%20Health%20Facility%20Census%20Report%20September%202023.pdf?isAllowed=y&sequence=1,Table 2,,"Facilities targeted by the Kenya Health Facility Census from the KMHFL list as at 1 August 2023; facility stock/supply indicator, not travel-time access."
KEN-C045,Kisii,IND-HEALTH-FACILITY-STOCK,296,count,2023-08-01,2023-08-01,KMHFL as of 1 Aug 2023,https://repository.familyhealth.go.ke/xmlui/bitstream/handle/123456789/192/Kenya%20Health%20Facility%20Census%20Report%20September%202023.pdf?isAllowed=y&sequence=1,Table 2,,"Facilities targeted by the Kenya Health Facility Census from the KMHFL list as at 1 August 2023; facility stock/supply indicator, not travel-time access."
KEN-C046,Nyamira,IND-HEALTH-FACILITY-STOCK,202,count,2023-08-01,2023-08-01,KMHFL as of 1 Aug 2023,https://repository.familyhealth.go.ke/xmlui/bitstream/handle/123456789/192/Kenya%20Health%20Facility%20Census%20Report%20September%202023.pdf?isAllowed=y&sequence=1,Table 2,,"Facilities targeted by the Kenya Health Facility Census from the KMHFL list as at 1 August 2023; facility stock/supply indicator, not travel-time access."
KEN-C047,Nairobi City,IND-HEALTH-FACILITY-STOCK,1319,count,2023-08-01,2023-08-01,KMHFL as of 1 Aug 2023,https://repository.familyhealth.go.ke/xmlui/bitstream/handle/123456789/192/Kenya%20Health%20Facility%20Census%20Report%20September%202023.pdf?isAllowed=y&sequence=1,Table 2,,"Facilities targeted by the Kenya Health Facility Census from the KMHFL list as at 1 August 2023; facility stock/supply indicator, not travel-time access."
KEN-C001,Mombasa,IND-SCHOOL-ATTENDANCE-RATE,35.7,percent,2019-08-24,2019-08-31,2019 census,https://www.knbs.or.ke/wp-content/uploads/2023/09/2019-Kenya-population-and-Housing-Census-Analytical-Report-on-Education-and-Training.pdf,Appendix 2.2,,"Share of population age 3 years and above at school/learning institution in the 2019 census; age structure affects comparisons."
KEN-C002,Kwale,IND-SCHOOL-ATTENDANCE-RATE,43.3,percent,2019-08-24,2019-08-31,2019 census,https://www.knbs.or.ke/wp-content/uploads/2023/09/2019-Kenya-population-and-Housing-Census-Analytical-Report-on-Education-and-Training.pdf,Appendix 2.2,,"Share of population age 3 years and above at school/learning institution in the 2019 census; age structure affects comparisons."
KEN-C003,Kilifi,IND-SCHOOL-ATTENDANCE-RATE,46.4,percent,2019-08-24,2019-08-31,2019 census,https://www.knbs.or.ke/wp-content/uploads/2023/09/2019-Kenya-population-and-Housing-Census-Analytical-Report-on-Education-and-Training.pdf,Appendix 2.2,,"Share of population age 3 years and above at school/learning institution in the 2019 census; age structure affects comparisons."
KEN-C004,Tana River,IND-SCHOOL-ATTENDANCE-RATE,34.1,percent,2019-08-24,2019-08-31,2019 census,https://www.knbs.or.ke/wp-content/uploads/2023/09/2019-Kenya-population-and-Housing-Census-Analytical-Report-on-Education-and-Training.pdf,Appendix 2.2,,"Share of population age 3 years and above at school/learning institution in the 2019 census; age structure affects comparisons."
KEN-C005,Lamu,IND-SCHOOL-ATTENDANCE-RATE,38.9,percent,2019-08-24,2019-08-31,2019 census,https://www.knbs.or.ke/wp-content/uploads/2023/09/2019-Kenya-population-and-Housing-Census-Analytical-Report-on-Education-and-Training.pdf,Appendix 2.2,,"Share of population age 3 years and above at school/learning institution in the 2019 census; age structure affects comparisons."
KEN-C006,Taita/Taveta,IND-SCHOOL-ATTENDANCE-RATE,37.6,percent,2019-08-24,2019-08-31,2019 census,https://www.knbs.or.ke/wp-content/uploads/2023/09/2019-Kenya-population-and-Housing-Census-Analytical-Report-on-Education-and-Training.pdf,Appendix 2.2,,"Share of population age 3 years and above at school/learning institution in the 2019 census; age structure affects comparisons."
KEN-C007,Garissa,IND-SCHOOL-ATTENDANCE-RATE,17.9,percent,2019-08-24,2019-08-31,2019 census,https://www.knbs.or.ke/wp-content/uploads/2023/09/2019-Kenya-population-and-Housing-Census-Analytical-Report-on-Education-and-Training.pdf,Appendix 2.2,,"Share of population age 3 years and above at school/learning institution in the 2019 census; age structure affects comparisons."
KEN-C008,Wajir,IND-SCHOOL-ATTENDANCE-RATE,19.0,percent,2019-08-24,2019-08-31,2019 census,https://www.knbs.or.ke/wp-content/uploads/2023/09/2019-Kenya-population-and-Housing-Census-Analytical-Report-on-Education-and-Training.pdf,Appendix 2.2,,"Share of population age 3 years and above at school/learning institution in the 2019 census; age structure affects comparisons."
KEN-C009,Mandera,IND-SCHOOL-ATTENDANCE-RATE,22.6,percent,2019-08-24,2019-08-31,2019 census,https://www.knbs.or.ke/wp-content/uploads/2023/09/2019-Kenya-population-and-Housing-Census-Analytical-Report-on-Education-and-Training.pdf,Appendix 2.2,,"Share of population age 3 years and above at school/learning institution in the 2019 census; age structure affects comparisons."
KEN-C010,Marsabit,IND-SCHOOL-ATTENDANCE-RATE,26.9,percent,2019-08-24,2019-08-31,2019 census,https://www.knbs.or.ke/wp-content/uploads/2023/09/2019-Kenya-population-and-Housing-Census-Analytical-Report-on-Education-and-Training.pdf,Appendix 2.2,,"Share of population age 3 years and above at school/learning institution in the 2019 census; age structure affects comparisons."
KEN-C011,Isiolo,IND-SCHOOL-ATTENDANCE-RATE,33.2,percent,2019-08-24,2019-08-31,2019 census,https://www.knbs.or.ke/wp-content/uploads/2023/09/2019-Kenya-population-and-Housing-Census-Analytical-Report-on-Education-and-Training.pdf,Appendix 2.2,,"Share of population age 3 years and above at school/learning institution in the 2019 census; age structure affects comparisons."
KEN-C012,Meru,IND-SCHOOL-ATTENDANCE-RATE,39.2,percent,2019-08-24,2019-08-31,2019 census,https://www.knbs.or.ke/wp-content/uploads/2023/09/2019-Kenya-population-and-Housing-Census-Analytical-Report-on-Education-and-Training.pdf,Appendix 2.2,,"Share of population age 3 years and above at school/learning institution in the 2019 census; age structure affects comparisons."
KEN-C013,Tharaka-Nithi,IND-SCHOOL-ATTENDANCE-RATE,39.9,percent,2019-08-24,2019-08-31,2019 census,https://www.knbs.or.ke/wp-content/uploads/2023/09/2019-Kenya-population-and-Housing-Census-Analytical-Report-on-Education-and-Training.pdf,Appendix 2.2,,"Share of population age 3 years and above at school/learning institution in the 2019 census; age structure affects comparisons."
KEN-C014,Embu,IND-SCHOOL-ATTENDANCE-RATE,36.4,percent,2019-08-24,2019-08-31,2019 census,https://www.knbs.or.ke/wp-content/uploads/2023/09/2019-Kenya-population-and-Housing-Census-Analytical-Report-on-Education-and-Training.pdf,Appendix 2.2,,"Share of population age 3 years and above at school/learning institution in the 2019 census; age structure affects comparisons."
KEN-C015,Kitui,IND-SCHOOL-ATTENDANCE-RATE,47.1,percent,2019-08-24,2019-08-31,2019 census,https://www.knbs.or.ke/wp-content/uploads/2023/09/2019-Kenya-population-and-Housing-Census-Analytical-Report-on-Education-and-Training.pdf,Appendix 2.2,,"Share of population age 3 years and above at school/learning institution in the 2019 census; age structure affects comparisons."
KEN-C016,Machakos,IND-SCHOOL-ATTENDANCE-RATE,38.8,percent,2019-08-24,2019-08-31,2019 census,https://www.knbs.or.ke/wp-content/uploads/2023/09/2019-Kenya-population-and-Housing-Census-Analytical-Report-on-Education-and-Training.pdf,Appendix 2.2,,"Share of population age 3 years and above at school/learning institution in the 2019 census; age structure affects comparisons."
KEN-C017,Makueni,IND-SCHOOL-ATTENDANCE-RATE,43.6,percent,2019-08-24,2019-08-31,2019 census,https://www.knbs.or.ke/wp-content/uploads/2023/09/2019-Kenya-population-and-Housing-Census-Analytical-Report-on-Education-and-Training.pdf,Appendix 2.2,,"Share of population age 3 years and above at school/learning institution in the 2019 census; age structure affects comparisons."
KEN-C018,Nyandarua,IND-SCHOOL-ATTENDANCE-RATE,42.2,percent,2019-08-24,2019-08-31,2019 census,https://www.knbs.or.ke/wp-content/uploads/2023/09/2019-Kenya-population-and-Housing-Census-Analytical-Report-on-Education-and-Training.pdf,Appendix 2.2,,"Share of population age 3 years and above at school/learning institution in the 2019 census; age structure affects comparisons."
KEN-C019,Nyeri,IND-SCHOOL-ATTENDANCE-RATE,36.2,percent,2019-08-24,2019-08-31,2019 census,https://www.knbs.or.ke/wp-content/uploads/2023/09/2019-Kenya-population-and-Housing-Census-Analytical-Report-on-Education-and-Training.pdf,Appendix 2.2,,"Share of population age 3 years and above at school/learning institution in the 2019 census; age structure affects comparisons."
KEN-C020,Kirinyaga,IND-SCHOOL-ATTENDANCE-RATE,34.2,percent,2019-08-24,2019-08-31,2019 census,https://www.knbs.or.ke/wp-content/uploads/2023/09/2019-Kenya-population-and-Housing-Census-Analytical-Report-on-Education-and-Training.pdf,Appendix 2.2,,"Share of population age 3 years and above at school/learning institution in the 2019 census; age structure affects comparisons."
KEN-C021,Murang'a,IND-SCHOOL-ATTENDANCE-RATE,36.6,percent,2019-08-24,2019-08-31,2019 census,https://www.knbs.or.ke/wp-content/uploads/2023/09/2019-Kenya-population-and-Housing-Census-Analytical-Report-on-Education-and-Training.pdf,Appendix 2.2,,"Share of population age 3 years and above at school/learning institution in the 2019 census; age structure affects comparisons."
KEN-C022,Kiambu,IND-SCHOOL-ATTENDANCE-RATE,35.6,percent,2019-08-24,2019-08-31,2019 census,https://www.knbs.or.ke/wp-content/uploads/2023/09/2019-Kenya-population-and-Housing-Census-Analytical-Report-on-Education-and-Training.pdf,Appendix 2.2,,"Share of population age 3 years and above at school/learning institution in the 2019 census; age structure affects comparisons."
KEN-C023,Turkana,IND-SCHOOL-ATTENDANCE-RATE,22.4,percent,2019-08-24,2019-08-31,2019 census,https://www.knbs.or.ke/wp-content/uploads/2023/09/2019-Kenya-population-and-Housing-Census-Analytical-Report-on-Education-and-Training.pdf,Appendix 2.2,,"Share of population age 3 years and above at school/learning institution in the 2019 census; age structure affects comparisons."
KEN-C024,West Pokot,IND-SCHOOL-ATTENDANCE-RATE,43.0,percent,2019-08-24,2019-08-31,2019 census,https://www.knbs.or.ke/wp-content/uploads/2023/09/2019-Kenya-population-and-Housing-Census-Analytical-Report-on-Education-and-Training.pdf,Appendix 2.2,,"Share of population age 3 years and above at school/learning institution in the 2019 census; age structure affects comparisons."
KEN-C025,Samburu,IND-SCHOOL-ATTENDANCE-RATE,31.3,percent,2019-08-24,2019-08-31,2019 census,https://www.knbs.or.ke/wp-content/uploads/2023/09/2019-Kenya-population-and-Housing-Census-Analytical-Report-on-Education-and-Training.pdf,Appendix 2.2,,"Share of population age 3 years and above at school/learning institution in the 2019 census; age structure affects comparisons."
KEN-C026,Trans Nzoia,IND-SCHOOL-ATTENDANCE-RATE,49.1,percent,2019-08-24,2019-08-31,2019 census,https://www.knbs.or.ke/wp-content/uploads/2023/09/2019-Kenya-population-and-Housing-Census-Analytical-Report-on-Education-and-Training.pdf,Appendix 2.2,,"Share of population age 3 years and above at school/learning institution in the 2019 census; age structure affects comparisons."
KEN-C027,Uasin Gishu,IND-SCHOOL-ATTENDANCE-RATE,45.6,percent,2019-08-24,2019-08-31,2019 census,https://www.knbs.or.ke/wp-content/uploads/2023/09/2019-Kenya-population-and-Housing-Census-Analytical-Report-on-Education-and-Training.pdf,Appendix 2.2,,"Share of population age 3 years and above at school/learning institution in the 2019 census; age structure affects comparisons."
KEN-C028,Elgeyo-Marakwet,IND-SCHOOL-ATTENDANCE-RATE,49.3,percent,2019-08-24,2019-08-31,2019 census,https://www.knbs.or.ke/wp-content/uploads/2023/09/2019-Kenya-population-and-Housing-Census-Analytical-Report-on-Education-and-Training.pdf,Appendix 2.2,,"Share of population age 3 years and above at school/learning institution in the 2019 census; age structure affects comparisons."
KEN-C029,Nandi,IND-SCHOOL-ATTENDANCE-RATE,48.1,percent,2019-08-24,2019-08-31,2019 census,https://www.knbs.or.ke/wp-content/uploads/2023/09/2019-Kenya-population-and-Housing-Census-Analytical-Report-on-Education-and-Training.pdf,Appendix 2.2,,"Share of population age 3 years and above at school/learning institution in the 2019 census; age structure affects comparisons."
KEN-C030,Baringo,IND-SCHOOL-ATTENDANCE-RATE,42.3,percent,2019-08-24,2019-08-31,2019 census,https://www.knbs.or.ke/wp-content/uploads/2023/09/2019-Kenya-population-and-Housing-Census-Analytical-Report-on-Education-and-Training.pdf,Appendix 2.2,,"Share of population age 3 years and above at school/learning institution in the 2019 census; age structure affects comparisons."
KEN-C031,Laikipia,IND-SCHOOL-ATTENDANCE-RATE,39.3,percent,2019-08-24,2019-08-31,2019 census,https://www.knbs.or.ke/wp-content/uploads/2023/09/2019-Kenya-population-and-Housing-Census-Analytical-Report-on-Education-and-Training.pdf,Appendix 2.2,,"Share of population age 3 years and above at school/learning institution in the 2019 census; age structure affects comparisons."
KEN-C032,Nakuru,IND-SCHOOL-ATTENDANCE-RATE,43.5,percent,2019-08-24,2019-08-31,2019 census,https://www.knbs.or.ke/wp-content/uploads/2023/09/2019-Kenya-population-and-Housing-Census-Analytical-Report-on-Education-and-Training.pdf,Appendix 2.2,,"Share of population age 3 years and above at school/learning institution in the 2019 census; age structure affects comparisons."
KEN-C033,Narok,IND-SCHOOL-ATTENDANCE-RATE,46.6,percent,2019-08-24,2019-08-31,2019 census,https://www.knbs.or.ke/wp-content/uploads/2023/09/2019-Kenya-population-and-Housing-Census-Analytical-Report-on-Education-and-Training.pdf,Appendix 2.2,,"Share of population age 3 years and above at school/learning institution in the 2019 census; age structure affects comparisons."
KEN-C034,Kajiado,IND-SCHOOL-ATTENDANCE-RATE,39.4,percent,2019-08-24,2019-08-31,2019 census,https://www.knbs.or.ke/wp-content/uploads/2023/09/2019-Kenya-population-and-Housing-Census-Analytical-Report-on-Education-and-Training.pdf,Appendix 2.2,,"Share of population age 3 years and above at school/learning institution in the 2019 census; age structure affects comparisons."
KEN-C035,Kericho,IND-SCHOOL-ATTENDANCE-RATE,46.8,percent,2019-08-24,2019-08-31,2019 census,https://www.knbs.or.ke/wp-content/uploads/2023/09/2019-Kenya-population-and-Housing-Census-Analytical-Report-on-Education-and-Training.pdf,Appendix 2.2,,"Share of population age 3 years and above at school/learning institution in the 2019 census; age structure affects comparisons."
KEN-C036,Bomet,IND-SCHOOL-ATTENDANCE-RATE,49.9,percent,2019-08-24,2019-08-31,2019 census,https://www.knbs.or.ke/wp-content/uploads/2023/09/2019-Kenya-population-and-Housing-Census-Analytical-Report-on-Education-and-Training.pdf,Appendix 2.2,,"Share of population age 3 years and above at school/learning institution in the 2019 census; age structure affects comparisons."
KEN-C037,Kakamega,IND-SCHOOL-ATTENDANCE-RATE,49.7,percent,2019-08-24,2019-08-31,2019 census,https://www.knbs.or.ke/wp-content/uploads/2023/09/2019-Kenya-population-and-Housing-Census-Analytical-Report-on-Education-and-Training.pdf,Appendix 2.2,,"Share of population age 3 years and above at school/learning institution in the 2019 census; age structure affects comparisons."
KEN-C038,Vihiga,IND-SCHOOL-ATTENDANCE-RATE,47.3,percent,2019-08-24,2019-08-31,2019 census,https://www.knbs.or.ke/wp-content/uploads/2023/09/2019-Kenya-population-and-Housing-Census-Analytical-Report-on-Education-and-Training.pdf,Appendix 2.2,,"Share of population age 3 years and above at school/learning institution in the 2019 census; age structure affects comparisons."
KEN-C039,Bungoma,IND-SCHOOL-ATTENDANCE-RATE,51.5,percent,2019-08-24,2019-08-31,2019 census,https://www.knbs.or.ke/wp-content/uploads/2023/09/2019-Kenya-population-and-Housing-Census-Analytical-Report-on-Education-and-Training.pdf,Appendix 2.2,,"Share of population age 3 years and above at school/learning institution in the 2019 census; age structure affects comparisons."
KEN-C040,Busia,IND-SCHOOL-ATTENDANCE-RATE,49.8,percent,2019-08-24,2019-08-31,2019 census,https://www.knbs.or.ke/wp-content/uploads/2023/09/2019-Kenya-population-and-Housing-Census-Analytical-Report-on-Education-and-Training.pdf,Appendix 2.2,,"Share of population age 3 years and above at school/learning institution in the 2019 census; age structure affects comparisons."
KEN-C041,Siaya,IND-SCHOOL-ATTENDANCE-RATE,48.6,percent,2019-08-24,2019-08-31,2019 census,https://www.knbs.or.ke/wp-content/uploads/2023/09/2019-Kenya-population-and-Housing-Census-Analytical-Report-on-Education-and-Training.pdf,Appendix 2.2,,"Share of population age 3 years and above at school/learning institution in the 2019 census; age structure affects comparisons."
KEN-C042,Kisumu,IND-SCHOOL-ATTENDANCE-RATE,48.3,percent,2019-08-24,2019-08-31,2019 census,https://www.knbs.or.ke/wp-content/uploads/2023/09/2019-Kenya-population-and-Housing-Census-Analytical-Report-on-Education-and-Training.pdf,Appendix 2.2,,"Share of population age 3 years and above at school/learning institution in the 2019 census; age structure affects comparisons."
KEN-C043,Homa Bay,IND-SCHOOL-ATTENDANCE-RATE,52.5,percent,2019-08-24,2019-08-31,2019 census,https://www.knbs.or.ke/wp-content/uploads/2023/09/2019-Kenya-population-and-Housing-Census-Analytical-Report-on-Education-and-Training.pdf,Appendix 2.2,,"Share of population age 3 years and above at school/learning institution in the 2019 census; age structure affects comparisons."
KEN-C044,Migori,IND-SCHOOL-ATTENDANCE-RATE,52.1,percent,2019-08-24,2019-08-31,2019 census,https://www.knbs.or.ke/wp-content/uploads/2023/09/2019-Kenya-population-and-Housing-Census-Analytical-Report-on-Education-and-Training.pdf,Appendix 2.2,,"Share of population age 3 years and above at school/learning institution in the 2019 census; age structure affects comparisons."
KEN-C045,Kisii,IND-SCHOOL-ATTENDANCE-RATE,47.8,percent,2019-08-24,2019-08-31,2019 census,https://www.knbs.or.ke/wp-content/uploads/2023/09/2019-Kenya-population-and-Housing-Census-Analytical-Report-on-Education-and-Training.pdf,Appendix 2.2,,"Share of population age 3 years and above at school/learning institution in the 2019 census; age structure affects comparisons."
KEN-C046,Nyamira,IND-SCHOOL-ATTENDANCE-RATE,46.4,percent,2019-08-24,2019-08-31,2019 census,https://www.knbs.or.ke/wp-content/uploads/2023/09/2019-Kenya-population-and-Housing-Census-Analytical-Report-on-Education-and-Training.pdf,Appendix 2.2,,"Share of population age 3 years and above at school/learning institution in the 2019 census; age structure affects comparisons."
KEN-C047,Nairobi City,IND-SCHOOL-ATTENDANCE-RATE,35.3,percent,2019-08-24,2019-08-31,2019 census,https://www.knbs.or.ke/wp-content/uploads/2023/09/2019-Kenya-population-and-Housing-Census-Analytical-Report-on-Education-and-Training.pdf,Appendix 2.2,,"Share of population age 3 years and above at school/learning institution in the 2019 census; age structure affects comparisons."
KEN-C001,Mombasa,IND-LABOUR-FORCE-PARTICIPATION,71.0,percent,2019-08-24,2019-08-31,2019 census,https://www.knbs.or.ke/wp-content/uploads/2023/09/2019-Kenya-population-and-Housing-Census-Analytical-Report-on-Labour-Force.pdf,Table 3.19,,"Total labour-force participation rate for population age 15–64 years; not the unemployment rate."
KEN-C002,Kwale,IND-LABOUR-FORCE-PARTICIPATION,74.0,percent,2019-08-24,2019-08-31,2019 census,https://www.knbs.or.ke/wp-content/uploads/2023/09/2019-Kenya-population-and-Housing-Census-Analytical-Report-on-Labour-Force.pdf,Table 3.19,,"Total labour-force participation rate for population age 15–64 years; not the unemployment rate."
KEN-C003,Kilifi,IND-LABOUR-FORCE-PARTICIPATION,70.2,percent,2019-08-24,2019-08-31,2019 census,https://www.knbs.or.ke/wp-content/uploads/2023/09/2019-Kenya-population-and-Housing-Census-Analytical-Report-on-Labour-Force.pdf,Table 3.19,,"Total labour-force participation rate for population age 15–64 years; not the unemployment rate."
KEN-C004,Tana River,IND-LABOUR-FORCE-PARTICIPATION,74.0,percent,2019-08-24,2019-08-31,2019 census,https://www.knbs.or.ke/wp-content/uploads/2023/09/2019-Kenya-population-and-Housing-Census-Analytical-Report-on-Labour-Force.pdf,Table 3.19,,"Total labour-force participation rate for population age 15–64 years; not the unemployment rate."
KEN-C005,Lamu,IND-LABOUR-FORCE-PARTICIPATION,74.1,percent,2019-08-24,2019-08-31,2019 census,https://www.knbs.or.ke/wp-content/uploads/2023/09/2019-Kenya-population-and-Housing-Census-Analytical-Report-on-Labour-Force.pdf,Table 3.19,,"Total labour-force participation rate for population age 15–64 years; not the unemployment rate."
KEN-C006,Taita/Taveta,IND-LABOUR-FORCE-PARTICIPATION,79.0,percent,2019-08-24,2019-08-31,2019 census,https://www.knbs.or.ke/wp-content/uploads/2023/09/2019-Kenya-population-and-Housing-Census-Analytical-Report-on-Labour-Force.pdf,Table 3.19,,"Total labour-force participation rate for population age 15–64 years; not the unemployment rate."
KEN-C007,Garissa,IND-LABOUR-FORCE-PARTICIPATION,75.4,percent,2019-08-24,2019-08-31,2019 census,https://www.knbs.or.ke/wp-content/uploads/2023/09/2019-Kenya-population-and-Housing-Census-Analytical-Report-on-Labour-Force.pdf,Table 3.19,,"Total labour-force participation rate for population age 15–64 years; not the unemployment rate."
KEN-C008,Wajir,IND-LABOUR-FORCE-PARTICIPATION,79.3,percent,2019-08-24,2019-08-31,2019 census,https://www.knbs.or.ke/wp-content/uploads/2023/09/2019-Kenya-population-and-Housing-Census-Analytical-Report-on-Labour-Force.pdf,Table 3.19,,"Total labour-force participation rate for population age 15–64 years; not the unemployment rate."
KEN-C009,Mandera,IND-LABOUR-FORCE-PARTICIPATION,72.7,percent,2019-08-24,2019-08-31,2019 census,https://www.knbs.or.ke/wp-content/uploads/2023/09/2019-Kenya-population-and-Housing-Census-Analytical-Report-on-Labour-Force.pdf,Table 3.19,,"Total labour-force participation rate for population age 15–64 years; not the unemployment rate."
KEN-C010,Marsabit,IND-LABOUR-FORCE-PARTICIPATION,76.2,percent,2019-08-24,2019-08-31,2019 census,https://www.knbs.or.ke/wp-content/uploads/2023/09/2019-Kenya-population-and-Housing-Census-Analytical-Report-on-Labour-Force.pdf,Table 3.19,,"Total labour-force participation rate for population age 15–64 years; not the unemployment rate."
KEN-C011,Isiolo,IND-LABOUR-FORCE-PARTICIPATION,74.2,percent,2019-08-24,2019-08-31,2019 census,https://www.knbs.or.ke/wp-content/uploads/2023/09/2019-Kenya-population-and-Housing-Census-Analytical-Report-on-Labour-Force.pdf,Table 3.19,,"Total labour-force participation rate for population age 15–64 years; not the unemployment rate."
KEN-C012,Meru,IND-LABOUR-FORCE-PARTICIPATION,76.1,percent,2019-08-24,2019-08-31,2019 census,https://www.knbs.or.ke/wp-content/uploads/2023/09/2019-Kenya-population-and-Housing-Census-Analytical-Report-on-Labour-Force.pdf,Table 3.19,,"Total labour-force participation rate for population age 15–64 years; not the unemployment rate."
KEN-C013,Tharaka-Nithi,IND-LABOUR-FORCE-PARTICIPATION,76.2,percent,2019-08-24,2019-08-31,2019 census,https://www.knbs.or.ke/wp-content/uploads/2023/09/2019-Kenya-population-and-Housing-Census-Analytical-Report-on-Labour-Force.pdf,Table 3.19,,"Total labour-force participation rate for population age 15–64 years; not the unemployment rate."
KEN-C014,Embu,IND-LABOUR-FORCE-PARTICIPATION,79.2,percent,2019-08-24,2019-08-31,2019 census,https://www.knbs.or.ke/wp-content/uploads/2023/09/2019-Kenya-population-and-Housing-Census-Analytical-Report-on-Labour-Force.pdf,Table 3.19,,"Total labour-force participation rate for population age 15–64 years; not the unemployment rate."
KEN-C015,Kitui,IND-LABOUR-FORCE-PARTICIPATION,71.6,percent,2019-08-24,2019-08-31,2019 census,https://www.knbs.or.ke/wp-content/uploads/2023/09/2019-Kenya-population-and-Housing-Census-Analytical-Report-on-Labour-Force.pdf,Table 3.19,,"Total labour-force participation rate for population age 15–64 years; not the unemployment rate."
KEN-C016,Machakos,IND-LABOUR-FORCE-PARTICIPATION,76.7,percent,2019-08-24,2019-08-31,2019 census,https://www.knbs.or.ke/wp-content/uploads/2023/09/2019-Kenya-population-and-Housing-Census-Analytical-Report-on-Labour-Force.pdf,Table 3.19,,"Total labour-force participation rate for population age 15–64 years; not the unemployment rate."
KEN-C017,Makueni,IND-LABOUR-FORCE-PARTICIPATION,74.2,percent,2019-08-24,2019-08-31,2019 census,https://www.knbs.or.ke/wp-content/uploads/2023/09/2019-Kenya-population-and-Housing-Census-Analytical-Report-on-Labour-Force.pdf,Table 3.19,,"Total labour-force participation rate for population age 15–64 years; not the unemployment rate."
KEN-C018,Nyandarua,IND-LABOUR-FORCE-PARTICIPATION,78.2,percent,2019-08-24,2019-08-31,2019 census,https://www.knbs.or.ke/wp-content/uploads/2023/09/2019-Kenya-population-and-Housing-Census-Analytical-Report-on-Labour-Force.pdf,Table 3.19,,"Total labour-force participation rate for population age 15–64 years; not the unemployment rate."
KEN-C019,Nyeri,IND-LABOUR-FORCE-PARTICIPATION,79.4,percent,2019-08-24,2019-08-31,2019 census,https://www.knbs.or.ke/wp-content/uploads/2023/09/2019-Kenya-population-and-Housing-Census-Analytical-Report-on-Labour-Force.pdf,Table 3.19,,"Total labour-force participation rate for population age 15–64 years; not the unemployment rate."
KEN-C020,Kirinyaga,IND-LABOUR-FORCE-PARTICIPATION,81.5,percent,2019-08-24,2019-08-31,2019 census,https://www.knbs.or.ke/wp-content/uploads/2023/09/2019-Kenya-population-and-Housing-Census-Analytical-Report-on-Labour-Force.pdf,Table 3.19,,"Total labour-force participation rate for population age 15–64 years; not the unemployment rate."
KEN-C021,Murang'a,IND-LABOUR-FORCE-PARTICIPATION,80.1,percent,2019-08-24,2019-08-31,2019 census,https://www.knbs.or.ke/wp-content/uploads/2023/09/2019-Kenya-population-and-Housing-Census-Analytical-Report-on-Labour-Force.pdf,Table 3.19,,"Total labour-force participation rate for population age 15–64 years; not the unemployment rate."
KEN-C022,Kiambu,IND-LABOUR-FORCE-PARTICIPATION,77.0,percent,2019-08-24,2019-08-31,2019 census,https://www.knbs.or.ke/wp-content/uploads/2023/09/2019-Kenya-population-and-Housing-Census-Analytical-Report-on-Labour-Force.pdf,Table 3.19,,"Total labour-force participation rate for population age 15–64 years; not the unemployment rate."
KEN-C023,Turkana,IND-LABOUR-FORCE-PARTICIPATION,74.4,percent,2019-08-24,2019-08-31,2019 census,https://www.knbs.or.ke/wp-content/uploads/2023/09/2019-Kenya-population-and-Housing-Census-Analytical-Report-on-Labour-Force.pdf,Table 3.19,,"Total labour-force participation rate for population age 15–64 years; not the unemployment rate."
KEN-C024,West Pokot,IND-LABOUR-FORCE-PARTICIPATION,70.2,percent,2019-08-24,2019-08-31,2019 census,https://www.knbs.or.ke/wp-content/uploads/2023/09/2019-Kenya-population-and-Housing-Census-Analytical-Report-on-Labour-Force.pdf,Table 3.19,,"Total labour-force participation rate for population age 15–64 years; not the unemployment rate."
KEN-C025,Samburu,IND-LABOUR-FORCE-PARTICIPATION,76.3,percent,2019-08-24,2019-08-31,2019 census,https://www.knbs.or.ke/wp-content/uploads/2023/09/2019-Kenya-population-and-Housing-Census-Analytical-Report-on-Labour-Force.pdf,Table 3.19,,"Total labour-force participation rate for population age 15–64 years; not the unemployment rate."
KEN-C026,Trans Nzoia,IND-LABOUR-FORCE-PARTICIPATION,67.9,percent,2019-08-24,2019-08-31,2019 census,https://www.knbs.or.ke/wp-content/uploads/2023/09/2019-Kenya-population-and-Housing-Census-Analytical-Report-on-Labour-Force.pdf,Table 3.19,,"Total labour-force participation rate for population age 15–64 years; not the unemployment rate."
KEN-C027,Uasin Gishu,IND-LABOUR-FORCE-PARTICIPATION,69.7,percent,2019-08-24,2019-08-31,2019 census,https://www.knbs.or.ke/wp-content/uploads/2023/09/2019-Kenya-population-and-Housing-Census-Analytical-Report-on-Labour-Force.pdf,Table 3.19,,"Total labour-force participation rate for population age 15–64 years; not the unemployment rate."
KEN-C028,Elgeyo-Marakwet,IND-LABOUR-FORCE-PARTICIPATION,69.2,percent,2019-08-24,2019-08-31,2019 census,https://www.knbs.or.ke/wp-content/uploads/2023/09/2019-Kenya-population-and-Housing-Census-Analytical-Report-on-Labour-Force.pdf,Table 3.19,,"Total labour-force participation rate for population age 15–64 years; not the unemployment rate."
KEN-C029,Nandi,IND-LABOUR-FORCE-PARTICIPATION,70.7,percent,2019-08-24,2019-08-31,2019 census,https://www.knbs.or.ke/wp-content/uploads/2023/09/2019-Kenya-population-and-Housing-Census-Analytical-Report-on-Labour-Force.pdf,Table 3.19,,"Total labour-force participation rate for population age 15–64 years; not the unemployment rate."
KEN-C030,Baringo,IND-LABOUR-FORCE-PARTICIPATION,72.3,percent,2019-08-24,2019-08-31,2019 census,https://www.knbs.or.ke/wp-content/uploads/2023/09/2019-Kenya-population-and-Housing-Census-Analytical-Report-on-Labour-Force.pdf,Table 3.19,,"Total labour-force participation rate for population age 15–64 years; not the unemployment rate."
KEN-C031,Laikipia,IND-LABOUR-FORCE-PARTICIPATION,77.3,percent,2019-08-24,2019-08-31,2019 census,https://www.knbs.or.ke/wp-content/uploads/2023/09/2019-Kenya-population-and-Housing-Census-Analytical-Report-on-Labour-Force.pdf,Table 3.19,,"Total labour-force participation rate for population age 15–64 years; not the unemployment rate."
KEN-C032,Nakuru,IND-LABOUR-FORCE-PARTICIPATION,73.9,percent,2019-08-24,2019-08-31,2019 census,https://www.knbs.or.ke/wp-content/uploads/2023/09/2019-Kenya-population-and-Housing-Census-Analytical-Report-on-Labour-Force.pdf,Table 3.19,,"Total labour-force participation rate for population age 15–64 years; not the unemployment rate."
KEN-C033,Narok,IND-LABOUR-FORCE-PARTICIPATION,74.7,percent,2019-08-24,2019-08-31,2019 census,https://www.knbs.or.ke/wp-content/uploads/2023/09/2019-Kenya-population-and-Housing-Census-Analytical-Report-on-Labour-Force.pdf,Table 3.19,,"Total labour-force participation rate for population age 15–64 years; not the unemployment rate."
KEN-C034,Kajiado,IND-LABOUR-FORCE-PARTICIPATION,75.5,percent,2019-08-24,2019-08-31,2019 census,https://www.knbs.or.ke/wp-content/uploads/2023/09/2019-Kenya-population-and-Housing-Census-Analytical-Report-on-Labour-Force.pdf,Table 3.19,,"Total labour-force participation rate for population age 15–64 years; not the unemployment rate."
KEN-C035,Kericho,IND-LABOUR-FORCE-PARTICIPATION,73.8,percent,2019-08-24,2019-08-31,2019 census,https://www.knbs.or.ke/wp-content/uploads/2023/09/2019-Kenya-population-and-Housing-Census-Analytical-Report-on-Labour-Force.pdf,Table 3.19,,"Total labour-force participation rate for population age 15–64 years; not the unemployment rate."
KEN-C036,Bomet,IND-LABOUR-FORCE-PARTICIPATION,71.9,percent,2019-08-24,2019-08-31,2019 census,https://www.knbs.or.ke/wp-content/uploads/2023/09/2019-Kenya-population-and-Housing-Census-Analytical-Report-on-Labour-Force.pdf,Table 3.19,,"Total labour-force participation rate for population age 15–64 years; not the unemployment rate."
KEN-C037,Kakamega,IND-LABOUR-FORCE-PARTICIPATION,69.9,percent,2019-08-24,2019-08-31,2019 census,https://www.knbs.or.ke/wp-content/uploads/2023/09/2019-Kenya-population-and-Housing-Census-Analytical-Report-on-Labour-Force.pdf,Table 3.19,,"Total labour-force participation rate for population age 15–64 years; not the unemployment rate."
KEN-C038,Vihiga,IND-LABOUR-FORCE-PARTICIPATION,70.8,percent,2019-08-24,2019-08-31,2019 census,https://www.knbs.or.ke/wp-content/uploads/2023/09/2019-Kenya-population-and-Housing-Census-Analytical-Report-on-Labour-Force.pdf,Table 3.19,,"Total labour-force participation rate for population age 15–64 years; not the unemployment rate."
KEN-C039,Bungoma,IND-LABOUR-FORCE-PARTICIPATION,68.5,percent,2019-08-24,2019-08-31,2019 census,https://www.knbs.or.ke/wp-content/uploads/2023/09/2019-Kenya-population-and-Housing-Census-Analytical-Report-on-Labour-Force.pdf,Table 3.19,,"Total labour-force participation rate for population age 15–64 years; not the unemployment rate."
KEN-C040,Busia,IND-LABOUR-FORCE-PARTICIPATION,70.1,percent,2019-08-24,2019-08-31,2019 census,https://www.knbs.or.ke/wp-content/uploads/2023/09/2019-Kenya-population-and-Housing-Census-Analytical-Report-on-Labour-Force.pdf,Table 3.19,,"Total labour-force participation rate for population age 15–64 years; not the unemployment rate."
KEN-C041,Siaya,IND-LABOUR-FORCE-PARTICIPATION,72.3,percent,2019-08-24,2019-08-31,2019 census,https://www.knbs.or.ke/wp-content/uploads/2023/09/2019-Kenya-population-and-Housing-Census-Analytical-Report-on-Labour-Force.pdf,Table 3.19,,"Total labour-force participation rate for population age 15–64 years; not the unemployment rate."
KEN-C042,Kisumu,IND-LABOUR-FORCE-PARTICIPATION,68.6,percent,2019-08-24,2019-08-31,2019 census,https://www.knbs.or.ke/wp-content/uploads/2023/09/2019-Kenya-population-and-Housing-Census-Analytical-Report-on-Labour-Force.pdf,Table 3.19,,"Total labour-force participation rate for population age 15–64 years; not the unemployment rate."
KEN-C043,Homa Bay,IND-LABOUR-FORCE-PARTICIPATION,69.1,percent,2019-08-24,2019-08-31,2019 census,https://www.knbs.or.ke/wp-content/uploads/2023/09/2019-Kenya-population-and-Housing-Census-Analytical-Report-on-Labour-Force.pdf,Table 3.19,,"Total labour-force participation rate for population age 15–64 years; not the unemployment rate."
KEN-C044,Migori,IND-LABOUR-FORCE-PARTICIPATION,69.6,percent,2019-08-24,2019-08-31,2019 census,https://www.knbs.or.ke/wp-content/uploads/2023/09/2019-Kenya-population-and-Housing-Census-Analytical-Report-on-Labour-Force.pdf,Table 3.19,,"Total labour-force participation rate for population age 15–64 years; not the unemployment rate."
KEN-C045,Kisii,IND-LABOUR-FORCE-PARTICIPATION,71.2,percent,2019-08-24,2019-08-31,2019 census,https://www.knbs.or.ke/wp-content/uploads/2023/09/2019-Kenya-population-and-Housing-Census-Analytical-Report-on-Labour-Force.pdf,Table 3.19,,"Total labour-force participation rate for population age 15–64 years; not the unemployment rate."
KEN-C046,Nyamira,IND-LABOUR-FORCE-PARTICIPATION,71.6,percent,2019-08-24,2019-08-31,2019 census,https://www.knbs.or.ke/wp-content/uploads/2023/09/2019-Kenya-population-and-Housing-Census-Analytical-Report-on-Labour-Force.pdf,Table 3.19,,"Total labour-force participation rate for population age 15–64 years; not the unemployment rate."
KEN-C047,Nairobi City,IND-LABOUR-FORCE-PARTICIPATION,74.5,percent,2019-08-24,2019-08-31,2019 census,https://www.knbs.or.ke/wp-content/uploads/2023/09/2019-Kenya-population-and-Housing-Census-Analytical-Report-on-Labour-Force.pdf,Table 3.19,,"Total labour-force participation rate for population age 15–64 years; not the unemployment rate."
