release_id,release_code,dataset_id,title,reference_period_start,reference_period_end,published_at,discovered_at,ingested_at,release_url,release_status,version_label,release_notes,supersedes_release_id
"5c393eb1-11fb-5a88-8328-d979212327d1","REL-KENYA-LAW-LN14-CURRENT","23c35c8b-807b-59c8-8d6b-eca482fb97f6","Legal Notice 14 of 2012 — current Kenya Law version","","","","2026-08-26T00:00:00Z","","https://new.kenyalaw.org/akn/ke/act/ln/2012/14/eng@2022-12-31","approved","eng@2022-12-31","Controlling legal reference. Original document linked, not redistributed in this repository.",""
"79d2de53-c02e-5267-9673-d86b67e5a60d","REL-LN14-TRANSCRIPTION-PKIAGE","1a365356-19a2-50b6-9b80-3a03e749fdbe","CSV transcription of counties, constituencies and wards","","","","2026-08-26T00:00:00Z","2026-08-26T00:00:00Z","https://github.com/pkiage/data-Kenya-Counties-Constituencies-Wards/blob/main/csv-Kenya-Counties-Constituencies-Wards.csv","evaluation","git-blob-7d0a741","Canonical Phase 1 seed; 1,450 ward rows; spellings remain provisional.",""
"e44fb753-c3de-5ea2-a83a-497718755a31","REL-TIGAWANNA-GEO-32580EB","1a365356-19a2-50b6-9b80-3a03e749fdbe","HDX-derived geography extract","","","","2026-08-26T00:00:00Z","2026-08-26T00:00:00Z","https://github.com/tigawanna/kenya_wards_geojson_data/tree/32580eb19fba05bb6421257331e63ef3f8a5dc8e","evaluation","32580eb19fba05bb6421257331e63ef3f8a5dc8e","Rejected as canonical ward seed: contains 1,439 tabular ward rows.",""
"2403abc0-72db-5a3f-afa6-94ce01c1cb8e","REL-OSM-KENYA-2DD4D71","1a365356-19a2-50b6-9b80-3a03e749fdbe","OSM Kenya Boundaries package","","","","2026-08-26T00:00:00Z","2026-08-26T00:00:00Z","https://github.com/its-kios09/osm-kenya-boundaries/tree/2dd4d71038b52d824cba304561b86ba79cf4315e","evaluation","2dd4d71038b52d824cba304561b86ba79cf4315e","Rejected as canonical ward seed: contains 1,448 ward rows.",""
"b6f46f24-7101-54b0-9211-0e3dedd2b428","REL-KNBS-CENSUS-2019-RESULTS","71cd1495-9331-5033-b43c-4e1fcaf919ac","2019 Kenya Population and Housing Census — Results announcement","2019-08-24","2019-08-25","2019-11-04","2026-08-26T00:00:00Z","2026-08-26T00:00:00Z","https://www.knbs.or.ke/2019-kenya-population-and-housing-census-results/","published","","Total enumerated population 47,564,296. Census night 24-25 August 2019.",""
"abd6d685-b5fe-5773-a7a5-f63d8b393613","REL-KNBS-CPI-JULY2026","8a8144c3-6ad7-52b4-a6ec-e4a8bc85d42d","Consumer Price Indices and Inflation Rates — July 2026","2026-07-01","2026-07-31","2026-07-31","2026-08-26T00:00:00Z","2026-08-26T00:00:00Z","https://www.knbs.or.ke/reports/consumer-price-indices-and-inflation-rates-july-2026/","published","","Headline annual inflation 6.5%. CPI index 155.20 (June 2026: 154.91).",""
"334867f8-a38f-5f0a-b8fb-5d04ff3743cf","REL-KNBS-CPI-JUNE2026","8a8144c3-6ad7-52b4-a6ec-e4a8bc85d42d","Consumer Price Indices and Inflation Rates — June 2026","2026-06-01","2026-06-30","2026-06-30","2026-08-26T00:00:00Z","2026-08-26T00:00:00Z","https://www.knbs.or.ke/reports/consumer-price-indices-and-inflation-rates-june-2026/","published","","Headline annual inflation 6.4%.",""
"ba6c04bf-50a8-5a77-abca-14b0eac31492","REL-CBK-MPC-AUG2026","71d05116-970d-5630-8008-49c59eb71ba0","Monetary Policy Committee decision — 11 August 2026","2026-08-11","2026-08-11","2026-08-11","2026-08-26T00:00:00Z","2026-08-26T00:00:00Z","https://www.centralbank.go.ke/rates/central-bank-rate/","published","","Central Bank Rate retained at 8.75%.",""
"90dc737f-edb7-5ed7-b0a7-6943abd74b1b","REL-CBK-TBILL-AUG2026","71d05116-970d-5630-8008-49c59eb71ba0","91-day Treasury bill auction results — 10 August 2026","2026-08-10","2026-08-10","2026-08-10","2026-08-26T00:00:00Z","2026-08-26T00:00:00Z","https://www.centralbank.go.ke/uploads/91_day_historical_treasury_bill_results/","published","","91-day weighted average yield 8.782%, as reported from CBK auction data.",""
"0f604a01-e56d-5d75-9f21-26c2d3c5b796","REL-CBK-FX-AUG2026","71d05116-970d-5630-8008-49c59eb71ba0","USD/KES market reference rate — 26 August 2026","2026-08-26","2026-08-26","2026-08-26","2026-08-26T00:00:00Z","2026-08-26T00:00:00Z","https://www.xe.com/en-us/currencyconverter/convert/?Amount=1&From=USD&To=KES","published","","Market mid-rate ~129.4, corroborated across Investing.com, Xe and Wise on the same date. Not CBK's own indicative rate page; recorded as an external/estimated observation, not official direct.",""
"cf4cde1b-235a-57f1-95c8-f3107181bf7f","REL-IEBC-PEER-2022","7eadcd85-0c68-5221-8644-a22a7ec397ba","Post-Election Evaluation Report — 9 August 2022 General Election","2022-06-20","2022-06-20","2022-08-09","2026-08-26T00:00:00Z","2026-08-26T00:00:00Z","https://www.iebc.or.ke/uploads/resources/pabjKTV6Xa.pdf","published","","Certified, KPMG-audited register: 22,120,458 voters, 46,232 polling stations, as of the 20 June 2022 register cutoff.",""
"40202350-a52d-505b-8c87-82f2cb84e245","REL-KDA-AREA-2026","05b4bda9-0468-56bf-a98f-14a6ed74989b","Atlas-computed land area from dissolved ward geometry","2026-08-26","2026-08-26","2026-08-26","2026-08-26T00:00:00Z","2026-08-26T00:00:00Z","https://github.com/dansamuka/kenya-data-atlas/blob/main/docs/methodology/indicators.md","published","geometry-boundary-version-2012-01-rev1","Computed by scripts/indicators/compute-derived-area.mjs from data/geography/geometry/*.geojson at boundary_version 2012-01.",""
"f8591e7c-3405-5d76-ae73-4cd41417e324","REL-EPRA-FUEL-AUG2026","1b35c8c2-bd14-517c-825e-293f0ffbcde1","EPRA maximum retail fuel prices, 15 August - 14 September 2026","2026-08-15","2026-09-14","2026-08-14","2026-08-26T00:00:00Z","2026-08-26T00:00:00Z","https://www.epra.go.ke/pump-price-formulae","published","","Super Petrol maximum retail price: Nairobi KES 214.03/L, Mombasa KES 210.87/L. Diesel fell KES 5/L in this cycle; not yet loaded.",""
"dac507e1-80aa-57e6-8bd8-0c9352dee46c","REL-KNBS-POP2009-COUNTY-S1","08535fcc-2e2a-5c44-8f1a-1e136b8b9f32","2013 Statistical Abstract — Table 4a: 2009 Kenya Population and Housing Census, Population Distribution by County","2009-08-24","2009-08-25","2013-01-01","2026-08-26T20:30:00.000Z","2026-08-26T20:30:00.000Z","https://www.knbs.or.ke/wp-content/uploads/2023/09/2013-Statistical-Abstract.pdf","published","","Official county table. The 47 county values sum exactly to the published Kenya total of 38,610,097.",""
"5ece2af1-7158-5486-8775-cf36d4b6e7e8","REL-IEBC-VOTERS-COUNTY-2022-S1","93aefd28-bb79-5455-863f-b20ead1bfed4","Kenya Gazette, 21 June 2022 — Registered Voters per County for the 2022 General Election","2022-06-20","2022-06-20","2022-06-21","2026-08-26T20:30:00.000Z","2026-08-26T20:30:00.000Z","https://www.iebc.or.ke/uploads/resources/L7k6ob1bau.pdf","published","","The Gazette county schedule sums to 22,102,532. IEBC's later KPMG-audited national topline is 22,120,458; the Atlas preserves both release vintages rather than forcing the county schedule to the later national total.",""
"5d98e5e5-28ca-57d4-833e-35f3ce507595","REL-KNBS-GCP-2025-S1","afb99074-2d12-575d-836b-849ff0dc34c3","2025 Gross County Product — Table 8: Gross County Product at Current Prices, 2020–2024","2020-01-01","2024-12-31","2025-12-01","2026-08-26T20:30:00.000Z","2026-08-26T20:30:00.000Z","https://www.knbs.or.ke/wp-content/uploads/2025/12/2025-Gross-County-Product.pdf","published","","Current prices, KSh million. 2024 is preliminary. Published county rows are retained as printed; rounded row sums are not forced to reconcile to the printed total row.",""
"509ce3ac-0af7-548b-88ca-880898aa56a9","REL-COB-FY2024-25-S1","016e5890-7bdb-5b2d-8391-966ac8b35a0d","County Governments Budget Implementation Review Report FY 2024/25 — Table 2.5","2024-07-01","2025-06-30","2025-09-17","2026-08-26T20:30:00.000Z","2026-08-26T20:30:00.000Z","https://cob.go.ke/download/county-governments-budget-implementation-review-report-fy-2024-25/","published","","Total budget, total expenditure, development absorption and overall absorption. Fiscal-year county statistics; no allocation below county.",""
"c1b4a12f-13f4-5c97-8d48-309a8c41d3b5","REL-EPRA-FUEL-AUG2026-S1","de65c220-8c76-5ba3-85b6-09144ec0bb2b","Maximum retail Super Petrol prices, 15 August–14 September 2026","2026-08-15","2026-09-14","2026-08-14","2026-08-26T20:30:00.000Z","2026-08-26T20:30:00.000Z","https://www.pulse.co.ke/story/epra-announces-august-september-fuel-prices-2026081413042614562","published","","EPRA stated that Super Petrol remained unchanged for 15 Aug–14 Sep 2026, so the prior cycle's full pricing-town PMS schedule remains applicable to Super Petrol. The county display uses one representative published pricing town per county for navigation only; it is not a county average. Forty-six mappings use a pricing town in the same county. Nyandarua uses Nyahururu as the nearest published pricing town and is explicitly disclosed as a proxy. The underlying full-town transcription is external, so non-native county-linked observations remain badge E.",""
