source_file_id,release_id,original_url,original_filename,archived_path,retrieved_at,mime_type,byte_size,sha256,git_blob_sha,licence_name,extraction_status,notes
"770e4e32-f86b-5eda-9c2f-4f4a3e6ce233","5c393eb1-11fb-5a88-8328-d979212327d1","https://new.kenyalaw.org/akn/ke/act/ln/2012/14/eng@2022-12-31","Legal Notice 14 of 2012","","","text/html","","","","Public legal reference","referenced_not_archived","Use the Kenya Law landing page and PDF as controlling evidence."
"32acd3fb-cf4d-5647-aac8-805c15406f58","79d2de53-c02e-5267-9673-d86b67e5a60d","https://github.com/pkiage/data-Kenya-Counties-Constituencies-Wards/blob/main/csv-Kenya-Counties-Constituencies-Wards.csv","geographies.csv","data/geography/source/legal-order-transcription/geographies.csv","2026-08-26T00:00:00Z","text/csv","56126","c654dd564ea7d9b4f821a6c5a04a480c3fd148c9fec53801b5831c67563da7f6","7d0a741b702efe85a88881a9b14a2976ac9dbde2","Public-data transcription; attribution retained","validated_for_registry_seed","Exactly 1,450 ward rows."
"91162bb4-a38c-5bea-a43b-df2d3b3fbae0","e44fb753-c3de-5ea2-a83a-497718755a31","https://github.com/tigawanna/kenya_wards_geojson_data/blob/32580eb19fba05bb6421257331e63ef3f8a5dc8e/src/data/counties/counties.json","counties.json","data/geography/source/community-extract/counties.json","2026-08-26T00:00:00Z","application/json","2871","a50bae92d0afcf425210934ca222a655de753c07c957c40ee305e1fb88dce41a","93b61845cd57dbc9b130fcfe1a9aa4bdd1b226c2","MIT","retained_for_cross_check",""
"fe82d27f-65f2-5eeb-bb01-e46bf69a0cd3","e44fb753-c3de-5ea2-a83a-497718755a31","https://github.com/tigawanna/kenya_wards_geojson_data/blob/32580eb19fba05bb6421257331e63ef3f8a5dc8e/src/data/constituencies/constituencies.json","constituencies.json","data/geography/source/community-extract/constituencies.json","2026-08-26T00:00:00Z","application/json","37240","a8131718f5414d64cf66b85681039007f7fec45a5cd77ef230d275617431b683","83c73a9b2e2778efd2878c0537c81ae5a5728d02","MIT","retained_for_cross_check",""
"d8f90e44-3437-5f9d-9bcf-d1701c6ab098","e44fb753-c3de-5ea2-a83a-497718755a31","https://github.com/tigawanna/kenya_wards_geojson_data/blob/32580eb19fba05bb6421257331e63ef3f8a5dc8e/src/data/wards/wards.json","wards.json","data/geography/source/community-extract/wards.json","2026-08-26T00:00:00Z","application/json","262876","b710146d07b5ac37c005bd8fbb055dc2095bca8fe6f6c2e63492cf531a942ecc","86b6d057d987f6e04f46ffa64797c699c5bb0cf1","MIT","retained_for_cross_check","Contains 1,439 wards; rejected as canonical seed."
"1130e235-a43b-59d5-ad6a-c55e2295c7c7","2403abc0-72db-5a3f-afa6-94ce01c1cb8e","https://github.com/its-kios09/osm-kenya-boundaries/blob/2dd4d71038b52d824cba304561b86ba79cf4315e/src/data/counties.ts","counties.ts","data/geography/source/osm-package/counties.ts","2026-08-26T00:00:00Z","text/typescript","1785","d92db5323e52c4a026de5b5e77d614b28972abcd6dbc7af16a9e325c7879f239","52713cdb31b713504a7d6b794eb78e2d5adb4fe0","MIT","retained_for_cross_check",""
"74e70372-be57-5302-9fe3-1a813808fa32","2403abc0-72db-5a3f-afa6-94ce01c1cb8e","https://github.com/its-kios09/osm-kenya-boundaries/blob/2dd4d71038b52d824cba304561b86ba79cf4315e/src/data/constituencies.ts","constituencies.ts","data/geography/source/osm-package/constituencies.ts","2026-08-26T00:00:00Z","text/typescript","16604","2175beb0dfad51d75073336e7922848bb4d9622acc159c612dd5a08f62aa4726","f31168da86fc0f0b886703db9ff8da57cc85015e","MIT","retained_for_cross_check",""
"06113162-5887-5f99-967d-3b2ce6d345c9","2403abc0-72db-5a3f-afa6-94ce01c1cb8e","https://github.com/its-kios09/osm-kenya-boundaries/blob/2dd4d71038b52d824cba304561b86ba79cf4315e/src/data/wards.ts","wards.ts","data/geography/source/osm-package/wards.ts","2026-08-26T00:00:00Z","text/typescript","95665","3ea9805f324210a7273ebe14aab75b14befd690bd7883c8ae4352ef1ea2483f9","fa9a1d5b443a257847e3d0595a3b8a9478e98f28","MIT","retained_for_cross_check","Contains 1,448 wards; rejected as canonical seed."

