period_start,period_end,year,month,period_label,inflation_yoy_pct
2005-01-01,2005-01-31,2005,1,January 2005,14.87
2005-02-01,2005-02-28,2005,2,February 2005,13.94
2005-03-01,2005-03-31,2005,3,March 2005,14.15
2005-04-01,2005-04-30,2005,4,April 2005,16.02
2005-05-01,2005-05-31,2005,5,May 2005,14.78
2005-06-01,2005-06-30,2005,6,June 2005,11.92
2005-07-01,2005-07-31,2005,7,July 2005,11.76
2005-08-01,2005-08-31,2005,8,August 2005,6.87
2005-09-01,2005-09-30,2005,9,September 2005,4.27
2005-10-01,2005-10-31,2005,10,October 2005,3.72
2005-11-01,2005-11-30,2005,11,November 2005,4.40
2005-12-01,2005-12-31,2005,12,December 2005,4.70
2006-01-01,2006-01-31,2006,1,January 2006,8.39
2006-02-01,2006-02-28,2006,2,February 2006,9.39
2006-03-01,2006-03-31,2006,3,March 2006,8.85
2006-04-01,2006-04-30,2006,4,April 2006,5.44
2006-05-01,2006-05-31,2006,5,May 2006,4.47
2006-06-01,2006-06-30,2006,6,June 2006,4.28
2006-07-01,2006-07-31,2006,7,July 2006,4.16
2006-08-01,2006-08-31,2006,8,August 2006,4.92
2006-09-01,2006-09-30,2006,9,September 2006,5.93
2006-10-01,2006-10-31,2006,10,October 2006,6.55
2006-11-01,2006-11-30,2006,11,November 2006,6.64
2006-12-01,2006-12-31,2006,12,December 2006,7.98
2007-01-01,2007-01-31,2007,1,January 2007,4.63
2007-02-01,2007-02-28,2007,2,February 2007,3.02
2007-03-01,2007-03-31,2007,3,March 2007,2.19
2007-04-01,2007-04-30,2007,4,April 2007,1.85
2007-05-01,2007-05-31,2007,5,May 2007,1.96
2007-06-01,2007-06-30,2007,6,June 2007,4.07
2007-07-01,2007-07-31,2007,7,July 2007,5.48
2007-08-01,2007-08-31,2007,8,August 2007,5.30
2007-09-01,2007-09-30,2007,9,September 2007,5.53
2007-10-01,2007-10-31,2007,10,October 2007,5.38
2007-11-01,2007-11-30,2007,11,November 2007,6.08
2007-12-01,2007-12-31,2007,12,December 2007,5.70
2008-01-01,2008-01-31,2008,1,January 2008,9.40
2008-02-01,2008-02-29,2008,2,February 2008,10.58
2008-03-01,2008-03-31,2008,3,March 2008,11.90
2008-04-01,2008-04-30,2008,4,April 2008,16.12
2008-05-01,2008-05-31,2008,5,May 2008,18.61
2008-06-01,2008-06-30,2008,6,June 2008,17.87
2008-07-01,2008-07-31,2008,7,July 2008,17.12
2008-08-01,2008-08-31,2008,8,August 2008,18.33
2008-09-01,2008-09-30,2008,9,September 2008,18.73
2008-10-01,2008-10-31,2008,10,October 2008,18.74
2008-11-01,2008-11-30,2008,11,November 2008,19.54
2008-12-01,2008-12-31,2008,12,December 2008,17.83
2009-01-01,2009-01-31,2009,1,January 2009,13.22
2009-02-01,2009-02-28,2009,2,February 2009,14.69
2009-03-01,2009-03-31,2009,3,March 2009,14.60
2009-04-01,2009-04-30,2009,4,April 2009,12.42
2009-05-01,2009-05-31,2009,5,May 2009,9.61
2009-06-01,2009-06-30,2009,6,June 2009,8.60
2009-07-01,2009-07-31,2009,7,July 2009,8.44
2009-08-01,2009-08-31,2009,8,August 2009,7.36
2009-09-01,2009-09-30,2009,9,September 2009,6.74
2009-10-01,2009-10-31,2009,10,October 2009,6.62
2009-11-01,2009-11-30,2009,11,November 2009,5.00
2009-12-01,2009-12-31,2009,12,December 2009,5.32
2010-01-01,2010-01-31,2010,1,January 2010,5.95
2010-02-01,2010-02-28,2010,2,February 2010,5.18
2010-03-01,2010-03-31,2010,3,March 2010,3.97
2010-04-01,2010-04-30,2010,4,April 2010,3.66
2010-05-01,2010-05-31,2010,5,May 2010,3.88
2010-06-01,2010-06-30,2010,6,June 2010,3.49
2010-07-01,2010-07-31,2010,7,July 2010,3.57
2010-08-01,2010-08-31,2010,8,August 2010,3.22
2010-09-01,2010-09-30,2010,9,September 2010,3.21
2010-10-01,2010-10-31,2010,10,October 2010,3.18
2010-11-01,2010-11-30,2010,11,November 2010,3.84
2010-12-01,2010-12-31,2010,12,December 2010,4.51
2011-01-01,2011-01-31,2011,1,January 2011,5.42
2011-02-01,2011-02-28,2011,2,February 2011,6.54
2011-03-01,2011-03-31,2011,3,March 2011,9.19
2011-04-01,2011-04-30,2011,4,April 2011,12.05
2011-05-01,2011-05-31,2011,5,May 2011,12.95
2011-06-01,2011-06-30,2011,6,June 2011,14.48
2011-07-01,2011-07-31,2011,7,July 2011,15.53
2011-08-01,2011-08-31,2011,8,August 2011,16.67
2011-09-01,2011-09-30,2011,9,September 2011,17.32
2011-10-01,2011-10-31,2011,10,October 2011,18.91
2011-11-01,2011-11-30,2011,11,November 2011,19.72
2011-12-01,2011-12-31,2011,12,December 2011,18.93
2012-01-01,2012-01-31,2012,1,January 2012,18.31
2012-02-01,2012-02-29,2012,2,February 2012,16.69
2012-03-01,2012-03-31,2012,3,March 2012,15.61
2012-04-01,2012-04-30,2012,4,April 2012,13.06
2012-05-01,2012-05-31,2012,5,May 2012,12.22
2012-06-01,2012-06-30,2012,6,June 2012,10.05
2012-07-01,2012-07-31,2012,7,July 2012,7.74
2012-08-01,2012-08-31,2012,8,August 2012,6.09
2012-09-01,2012-09-30,2012,9,September 2012,5.32
2012-10-01,2012-10-31,2012,10,October 2012,4.14
2012-11-01,2012-11-30,2012,11,November 2012,3.25
2012-12-01,2012-12-31,2012,12,December 2012,3.20
2013-01-01,2013-01-31,2013,1,January 2013,3.67
2013-02-01,2013-02-28,2013,2,February 2013,4.45
2013-03-01,2013-03-31,2013,3,March 2013,4.11
2013-04-01,2013-04-30,2013,4,April 2013,4.14
2013-05-01,2013-05-31,2013,5,May 2013,4.05
2013-06-01,2013-06-30,2013,6,June 2013,4.91
2013-07-01,2013-07-31,2013,7,July 2013,6.03
2013-08-01,2013-08-31,2013,8,August 2013,6.67
2013-09-01,2013-09-30,2013,9,September 2013,8.29
2013-10-01,2013-10-31,2013,10,October 2013,7.76
2013-11-01,2013-11-30,2013,11,November 2013,7.36
2013-12-01,2013-12-31,2013,12,December 2013,7.15
2014-01-01,2014-01-31,2014,1,January 2014,7.21
2014-02-01,2014-02-28,2014,2,February 2014,6.86
2014-03-01,2014-03-31,2014,3,March 2014,6.27
2014-04-01,2014-04-30,2014,4,April 2014,6.41
2014-05-01,2014-05-31,2014,5,May 2014,7.30
2014-06-01,2014-06-30,2014,6,June 2014,7.39
2014-07-01,2014-07-31,2014,7,July 2014,7.67
2014-08-01,2014-08-31,2014,8,August 2014,8.36
2014-09-01,2014-09-30,2014,9,September 2014,6.60
2014-10-01,2014-10-31,2014,10,October 2014,6.43
2014-11-01,2014-11-30,2014,11,November 2014,6.09
2014-12-01,2014-12-31,2014,12,December 2014,6.02
2015-01-01,2015-01-31,2015,1,January 2015,5.53
2015-02-01,2015-02-28,2015,2,February 2015,5.61
2015-03-01,2015-03-31,2015,3,March 2015,6.31
2015-04-01,2015-04-30,2015,4,April 2015,7.08
2015-05-01,2015-05-31,2015,5,May 2015,6.87
2015-06-01,2015-06-30,2015,6,June 2015,7.03
2015-07-01,2015-07-31,2015,7,July 2015,6.62
2015-08-01,2015-08-31,2015,8,August 2015,5.84
2015-09-01,2015-09-30,2015,9,September 2015,5.97
2015-10-01,2015-10-31,2015,10,October 2015,6.72
2015-11-01,2015-11-30,2015,11,November 2015,7.32
2015-12-01,2015-12-31,2015,12,December 2015,8.01
2016-01-01,2016-01-31,2016,1,January 2016,7.78
2016-02-01,2016-02-29,2016,2,February 2016,6.84
2016-03-01,2016-03-31,2016,3,March 2016,6.45
2016-04-01,2016-04-30,2016,4,April 2016,5.27
2016-05-01,2016-05-31,2016,5,May 2016,5.00
2016-06-01,2016-06-30,2016,6,June 2016,5.80
2016-07-01,2016-07-31,2016,7,July 2016,6.40
2016-08-01,2016-08-31,2016,8,August 2016,6.26
2016-09-01,2016-09-30,2016,9,September 2016,6.34
2016-10-01,2016-10-31,2016,10,October 2016,6.47
2016-11-01,2016-11-30,2016,11,November 2016,6.68
2016-12-01,2016-12-31,2016,12,December 2016,6.35
2017-01-01,2017-01-31,2017,1,January 2017,6.99
2017-02-01,2017-02-28,2017,2,February 2017,9.04
2017-03-01,2017-03-31,2017,3,March 2017,10.28
2017-04-01,2017-04-30,2017,4,April 2017,11.48
2017-05-01,2017-05-31,2017,5,May 2017,11.70
2017-06-01,2017-06-30,2017,6,June 2017,9.21
2017-07-01,2017-07-31,2017,7,July 2017,7.47
2017-08-01,2017-08-31,2017,8,August 2017,8.04
2017-09-01,2017-09-30,2017,9,September 2017,7.06
2017-10-01,2017-10-31,2017,10,October 2017,5.72
2017-11-01,2017-11-30,2017,11,November 2017,4.73
2017-12-01,2017-12-31,2017,12,December 2017,4.50
2018-01-01,2018-01-31,2018,1,January 2018,4.83
2018-02-01,2018-02-28,2018,2,February 2018,4.46
2018-03-01,2018-03-31,2018,3,March 2018,4.18
2018-04-01,2018-04-30,2018,4,April 2018,3.73
2018-05-01,2018-05-31,2018,5,May 2018,3.95
2018-06-01,2018-06-30,2018,6,June 2018,4.28
2018-07-01,2018-07-31,2018,7,July 2018,4.35
2018-08-01,2018-08-31,2018,8,August 2018,4.04
2018-09-01,2018-09-30,2018,9,September 2018,5.70
2018-10-01,2018-10-31,2018,10,October 2018,5.53
2018-11-01,2018-11-30,2018,11,November 2018,5.58
2018-12-01,2018-12-31,2018,12,December 2018,5.71
2019-01-01,2019-01-31,2019,1,January 2019,4.70
2019-02-01,2019-02-28,2019,2,February 2019,4.14
2019-03-01,2019-03-31,2019,3,March 2019,4.35
2019-04-01,2019-04-30,2019,4,April 2019,6.58
2019-05-01,2019-05-31,2019,5,May 2019,4.49
2019-06-01,2019-06-30,2019,6,June 2019,5.70
2019-07-01,2019-07-31,2019,7,July 2019,6.27
2019-08-01,2019-08-31,2019,8,August 2019,5.00
2019-09-01,2019-09-30,2019,9,September 2019,3.83
2019-10-01,2019-10-31,2019,10,October 2019,4.95
2019-11-01,2019-11-30,2019,11,November 2019,5.56
2019-12-01,2019-12-31,2019,12,December 2019,5.82
2020-01-01,2020-01-31,2020,1,January 2020,5.78
2020-02-01,2020-02-29,2020,2,February 2020,7.17
2020-03-01,2020-03-31,2020,3,March 2020,5.84
2020-04-01,2020-04-30,2020,4,April 2020,6.01
2020-05-01,2020-05-31,2020,5,May 2020,5.33
2020-06-01,2020-06-30,2020,6,June 2020,4.59
2020-07-01,2020-07-31,2020,7,July 2020,4.36
2020-08-01,2020-08-31,2020,8,August 2020,4.36
2020-09-01,2020-09-30,2020,9,September 2020,4.20
2020-10-01,2020-10-31,2020,10,October 2020,4.84
2020-11-01,2020-11-30,2020,11,November 2020,5.33
2020-12-01,2020-12-31,2020,12,December 2020,5.62
2021-01-01,2021-01-31,2021,1,January 2021,5.69
2021-02-01,2021-02-28,2021,2,February 2021,5.78
2021-03-01,2021-03-31,2021,3,March 2021,5.90
2021-04-01,2021-04-30,2021,4,April 2021,5.76
2021-05-01,2021-05-31,2021,5,May 2021,5.87
2021-06-01,2021-06-30,2021,6,June 2021,6.32
2021-07-01,2021-07-31,2021,7,July 2021,6.55
2021-08-01,2021-08-31,2021,8,August 2021,6.57
2021-09-01,2021-09-30,2021,9,September 2021,6.91
2021-10-01,2021-10-31,2021,10,October 2021,6.45
2021-11-01,2021-11-30,2021,11,November 2021,5.80
2021-12-01,2021-12-31,2021,12,December 2021,5.73
2022-01-01,2022-01-31,2022,1,January 2022,5.39
2022-02-01,2022-02-28,2022,2,February 2022,5.08
2022-03-01,2022-03-31,2022,3,March 2022,5.56
2022-04-01,2022-04-30,2022,4,April 2022,6.47
2022-05-01,2022-05-31,2022,5,May 2022,7.08
2022-06-01,2022-06-30,2022,6,June 2022,7.91
2022-07-01,2022-07-31,2022,7,July 2022,8.32
2022-08-01,2022-08-31,2022,8,August 2022,8.53
2022-09-01,2022-09-30,2022,9,September 2022,9.18
2022-10-01,2022-10-31,2022,10,October 2022,9.59
2022-11-01,2022-11-30,2022,11,November 2022,9.48
2022-12-01,2022-12-31,2022,12,December 2022,9.06
2023-01-01,2023-01-31,2023,1,January 2023,8.98
2023-02-01,2023-02-28,2023,2,February 2023,9.23
2023-03-01,2023-03-31,2023,3,March 2023,9.19
2023-04-01,2023-04-30,2023,4,April 2023,7.90
2023-05-01,2023-05-31,2023,5,May 2023,8.03
2023-06-01,2023-06-30,2023,6,June 2023,7.88
2023-07-01,2023-07-31,2023,7,July 2023,7.28
2023-08-01,2023-08-31,2023,8,August 2023,6.73
2023-09-01,2023-09-30,2023,9,September 2023,6.78
2023-10-01,2023-10-31,2023,10,October 2023,6.92
2023-11-01,2023-11-30,2023,11,November 2023,6.80
2023-12-01,2023-12-31,2023,12,December 2023,6.63
2024-01-01,2024-01-31,2024,1,January 2024,6.85
2024-02-01,2024-02-29,2024,2,February 2024,6.31
2024-03-01,2024-03-31,2024,3,March 2024,5.70
2024-04-01,2024-04-30,2024,4,April 2024,5.00
2024-05-01,2024-05-31,2024,5,May 2024,5.10
2024-06-01,2024-06-30,2024,6,June 2024,6.22
2024-07-01,2024-07-31,2024,7,July 2024,4.31
2024-08-01,2024-08-31,2024,8,August 2024,4.36
2024-09-01,2024-09-30,2024,9,September 2024,3.56
2024-10-01,2024-10-31,2024,10,October 2024,2.72
2024-11-01,2024-11-30,2024,11,November 2024,2.75
2024-12-01,2024-12-31,2024,12,December 2024,2.99
2025-01-01,2025-01-31,2025,1,January 2025,3.28
2025-02-01,2025-02-28,2025,2,February 2025,3.45
2025-03-01,2025-03-31,2025,3,March 2025,3.62
2025-04-01,2025-04-30,2025,4,April 2025,4.11
2025-05-01,2025-05-31,2025,5,May 2025,3.75
2025-06-01,2025-06-30,2025,6,June 2025,3.82
2025-07-01,2025-07-31,2025,7,July 2025,4.15
2025-08-01,2025-08-31,2025,8,August 2025,4.53
2025-09-01,2025-09-30,2025,9,September 2025,4.58
2025-10-01,2025-10-31,2025,10,October 2025,4.56
2025-11-01,2025-11-30,2025,11,November 2025,4.46
2025-12-01,2025-12-31,2025,12,December 2025,4.49
2026-01-01,2026-01-31,2026,1,January 2026,4.40
2026-02-01,2026-02-28,2026,2,February 2026,4.25
2026-03-01,2026-03-31,2026,3,March 2026,4.39
2026-04-01,2026-04-30,2026,4,April 2026,5.59
2026-05-01,2026-05-31,2026,5,May 2026,6.68
2026-06-01,2026-06-30,2026,6,June 2026,6.41
2026-07-01,2026-07-31,2026,7,July 2026,6.49
